-- --------------------------------------------------------
-- Servidor:                     127.0.0.1
-- Versão do servidor:           10.1.31-MariaDB - mariadb.org binary distribution
-- OS do Servidor:               Win32
-- HeidiSQL Versão:              9.5.0.5196
-- --------------------------------------------------------

/*!40101 SET @OLD_CHARACTER_SET_CLIENT=@@CHARACTER_SET_CLIENT */;
/*!40101 SET NAMES utf8 */;
/*!50503 SET NAMES utf8mb4 */;
/*!40014 SET @OLD_FOREIGN_KEY_CHECKS=@@FOREIGN_KEY_CHECKS, FOREIGN_KEY_CHECKS=0 */;
/*!40101 SET @OLD_SQL_MODE=@@SQL_MODE, SQL_MODE='NO_AUTO_VALUE_ON_ZERO' */;


-- Copiando estrutura do banco de dados para la-gravidanza
CREATE DATABASE IF NOT EXISTS `la-gravidanza` /*!40100 DEFAULT CHARACTER SET utf8 */;
USE `la-gravidanza`;

-- Copiando estrutura para tabela la-gravidanza.acompanhamentos
CREATE TABLE IF NOT EXISTS `acompanhamentos` (
  `id` int(10) unsigned NOT NULL AUTO_INCREMENT,
  `data` date DEFAULT NULL,
  `id_gestacao` int(11) DEFAULT NULL,
  `peso` double DEFAULT NULL,
  `pa` int(11) DEFAULT NULL,
  `au` varchar(150) COLLATE utf8mb4_unicode_ci DEFAULT NULL,
  `mf` varchar(150) COLLATE utf8mb4_unicode_ci DEFAULT NULL,
  `bcf` varchar(150) COLLATE utf8mb4_unicode_ci DEFAULT NULL,
  `edema` varchar(150) COLLATE utf8mb4_unicode_ci DEFAULT NULL,
  `historico_id` int(10) unsigned NOT NULL,
  `is_deleted` tinyint(1) NOT NULL DEFAULT '0',
  `created_at` timestamp NULL DEFAULT NULL,
  `updated_at` timestamp NULL DEFAULT NULL,
  PRIMARY KEY (`id`),
  KEY `acompanhamentos_historico_id_foreign` (`historico_id`),
  CONSTRAINT `acompanhamentos_historico_id_foreign` FOREIGN KEY (`historico_id`) REFERENCES `paciente_historico` (`id`) ON DELETE CASCADE ON UPDATE CASCADE
) ENGINE=InnoDB AUTO_INCREMENT=4 DEFAULT CHARSET=utf8mb4 COLLATE=utf8mb4_unicode_ci;

-- Copiando dados para a tabela la-gravidanza.acompanhamentos: ~2 rows (aproximadamente)
DELETE FROM `acompanhamentos`;
/*!40000 ALTER TABLE `acompanhamentos` DISABLE KEYS */;
INSERT INTO `acompanhamentos` (`id`, `data`, `id_gestacao`, `peso`, `pa`, `au`, `mf`, `bcf`, `edema`, `historico_id`, `is_deleted`, `created_at`, `updated_at`) VALUES
	(1, '2018-10-26', 76, 76, 11, 'frerr', 'frewe', 'fwerfe', 'weretr', 1, 0, '2018-10-26 11:36:31', '2018-10-26 11:36:31'),
	(2, '2018-10-26', 3, 90, 10, 'auauau', 'mfmfmfm', 'bcfbcbfbcf', 'edema', 1, 0, '2018-10-26 11:40:16', '2018-10-26 11:40:16'),
	(3, '2018-10-26', 9, 76, 12, 'vfe', 'vfe', 'vfe', 'vfe', 24, 0, '2018-10-26 14:05:02', '2018-10-26 14:05:02');
/*!40000 ALTER TABLE `acompanhamentos` ENABLE KEYS */;

-- Copiando estrutura para tabela la-gravidanza.combos_exames
CREATE TABLE IF NOT EXISTS `combos_exames` (
  `id` int(10) unsigned NOT NULL AUTO_INCREMENT,
  `nome` varchar(150) COLLATE utf8mb4_unicode_ci NOT NULL,
  `is_deleted` tinyint(1) NOT NULL DEFAULT '0',
  `created_at` timestamp NULL DEFAULT NULL,
  `updated_at` timestamp NULL DEFAULT NULL,
  PRIMARY KEY (`id`)
) ENGINE=InnoDB AUTO_INCREMENT=2 DEFAULT CHARSET=utf8mb4 COLLATE=utf8mb4_unicode_ci;

-- Copiando dados para a tabela la-gravidanza.combos_exames: ~1 rows (aproximadamente)
DELETE FROM `combos_exames`;
/*!40000 ALTER TABLE `combos_exames` DISABLE KEYS */;
INSERT INTO `combos_exames` (`id`, `nome`, `is_deleted`, `created_at`, `updated_at`) VALUES
	(1, 'Teste', 0, '2018-11-07 09:53:54', '2018-11-07 09:53:54');
/*!40000 ALTER TABLE `combos_exames` ENABLE KEYS */;

-- Copiando estrutura para tabela la-gravidanza.consultas
CREATE TABLE IF NOT EXISTS `consultas` (
  `id` int(10) unsigned NOT NULL AUTO_INCREMENT,
  `data_hora` date NOT NULL,
  `doutor_id` int(10) unsigned NOT NULL,
  `horario_id` int(10) unsigned NOT NULL,
  `tipo_id` int(10) unsigned NOT NULL,
  `paciente_id` int(10) unsigned NOT NULL,
  `status` int(10) unsigned NOT NULL DEFAULT '1',
  `andamento` int(10) unsigned NOT NULL DEFAULT '1',
  `is_deleted` tinyint(1) NOT NULL DEFAULT '0',
  `created_at` timestamp NULL DEFAULT NULL,
  `updated_at` timestamp NULL DEFAULT NULL,
  PRIMARY KEY (`id`),
  KEY `consultas_doutor_id_foreign` (`doutor_id`),
  KEY `consultas_horario_id_foreign` (`horario_id`),
  KEY `consultas_tipo_id_foreign` (`tipo_id`),
  KEY `consultas_paciente_id_foreign` (`paciente_id`),
  KEY `consultas_status_foreign` (`status`),
  KEY `consultas_andamento_foreign` (`andamento`),
  CONSTRAINT `consultas_andamento_foreign` FOREIGN KEY (`andamento`) REFERENCES `consulta_andamento` (`id`) ON DELETE CASCADE ON UPDATE CASCADE,
  CONSTRAINT `consultas_doutor_id_foreign` FOREIGN KEY (`doutor_id`) REFERENCES `users` (`id`) ON DELETE CASCADE ON UPDATE CASCADE,
  CONSTRAINT `consultas_horario_id_foreign` FOREIGN KEY (`horario_id`) REFERENCES `horarios` (`id`) ON DELETE CASCADE ON UPDATE CASCADE,
  CONSTRAINT `consultas_paciente_id_foreign` FOREIGN KEY (`paciente_id`) REFERENCES `pacientes` (`id`) ON DELETE CASCADE ON UPDATE CASCADE,
  CONSTRAINT `consultas_status_foreign` FOREIGN KEY (`status`) REFERENCES `consulta_status` (`id`) ON DELETE CASCADE ON UPDATE CASCADE,
  CONSTRAINT `consultas_tipo_id_foreign` FOREIGN KEY (`tipo_id`) REFERENCES `tipos_de_consulta` (`id`) ON DELETE CASCADE ON UPDATE CASCADE
) ENGINE=InnoDB AUTO_INCREMENT=68 DEFAULT CHARSET=utf8mb4 COLLATE=utf8mb4_unicode_ci;

-- Copiando dados para a tabela la-gravidanza.consultas: ~47 rows (aproximadamente)
DELETE FROM `consultas`;
/*!40000 ALTER TABLE `consultas` DISABLE KEYS */;
INSERT INTO `consultas` (`id`, `data_hora`, `doutor_id`, `horario_id`, `tipo_id`, `paciente_id`, `status`, `andamento`, `is_deleted`, `created_at`, `updated_at`) VALUES
	(1, '2018-10-05', 2, 7, 5, 6, 1, 5, 0, '2018-10-05 12:35:09', '2018-10-05 17:13:27'),
	(2, '2018-10-08', 9, 5, 7, 7, 1, 1, 0, '2018-10-05 12:37:15', '2018-10-05 12:37:15'),
	(3, '2018-10-05', 2, 8, 5, 8, 1, 5, 0, '2018-10-05 12:41:45', '2018-10-05 16:21:44'),
	(4, '2018-10-08', 9, 1, 1, 9, 1, 1, 0, '2018-10-05 13:42:22', '2018-10-05 13:42:22'),
	(5, '2018-10-08', 9, 2, 5, 10, 1, 1, 0, '2018-10-05 13:43:01', '2018-10-05 13:43:01'),
	(6, '2018-10-08', 9, 3, 7, 11, 1, 1, 0, '2018-10-05 13:43:41', '2018-10-05 13:43:41'),
	(7, '2018-10-08', 9, 4, 1, 12, 1, 1, 0, '2018-10-05 13:44:21', '2018-10-05 13:44:21'),
	(8, '2018-10-08', 9, 6, 1, 13, 1, 1, 0, '2018-10-05 13:45:06', '2018-10-05 13:45:06'),
	(9, '2018-10-08', 9, 7, 4, 14, 1, 1, 0, '2018-10-05 13:45:52', '2018-10-05 13:45:52'),
	(10, '2018-10-08', 9, 8, 2, 15, 1, 1, 0, '2018-10-05 13:46:49', '2018-10-05 13:46:49'),
	(11, '2018-10-08', 9, 9, 1, 16, 1, 1, 0, '2018-10-05 13:48:08', '2018-10-05 13:48:08'),
	(12, '2018-10-08', 9, 10, 1, 17, 1, 1, 0, '2018-10-05 13:48:45', '2018-10-05 13:48:45'),
	(13, '2018-10-08', 9, 11, 4, 18, 1, 1, 0, '2018-10-05 13:49:30', '2018-10-05 13:49:30'),
	(14, '2018-10-08', 9, 12, 1, 19, 1, 1, 0, '2018-10-05 13:50:07', '2018-10-05 13:50:07'),
	(15, '2018-10-08', 9, 13, 1, 20, 1, 1, 0, '2018-10-05 13:50:38', '2018-10-05 13:50:38'),
	(16, '2018-10-08', 9, 14, 1, 21, 1, 1, 0, '2018-10-05 13:51:10', '2018-10-05 13:51:10'),
	(17, '2018-10-08', 9, 15, 1, 22, 1, 1, 0, '2018-10-05 13:51:59', '2018-10-05 13:51:59'),
	(18, '2018-10-08', 9, 16, 1, 23, 1, 1, 0, '2018-10-05 13:52:34', '2018-10-05 13:52:34'),
	(19, '2018-10-08', 9, 17, 1, 24, 1, 1, 0, '2018-10-05 13:53:19', '2018-10-05 13:53:19'),
	(20, '2018-10-08', 9, 18, 1, 25, 1, 1, 0, '2018-10-05 13:53:56', '2018-10-05 13:53:56'),
	(21, '2018-10-08', 9, 19, 1, 26, 1, 1, 0, '2018-10-05 13:54:27', '2018-10-05 13:54:27'),
	(22, '2018-10-08', 9, 20, 2, 27, 1, 1, 0, '2018-10-05 13:55:04', '2018-10-05 13:55:04'),
	(23, '2018-10-08', 9, 21, 5, 28, 1, 1, 0, '2018-10-05 13:55:56', '2018-10-05 13:55:56'),
	(24, '2018-10-06', 2, 1, 4, 29, 1, 1, 0, '2018-10-05 17:22:39', '2018-10-05 17:22:39'),
	(25, '2018-10-09', 9, 1, 5, 6, 1, 1, 0, '2018-10-08 12:28:21', '2018-10-08 12:28:21'),
	(26, '2018-10-10', 9, 1, 1, 6, 1, 1, 0, '2018-10-08 12:30:52', '2018-10-08 12:30:52'),
	(27, '2018-10-09', 2, 1, 1, 6, 1, 1, 0, '2018-10-08 12:34:34', '2018-10-08 12:34:34'),
	(28, '2018-10-10', 2, 1, 1, 6, 1, 1, 0, '2018-10-08 12:35:05', '2018-10-08 12:35:05'),
	(29, '2018-10-08', 2, 3, 1, 29, 1, 1, 0, '2018-10-08 12:53:04', '2018-10-08 12:53:04'),
	(30, '2018-10-08', 2, 5, 1, 29, 1, 1, 0, '2018-10-08 12:59:26', '2018-10-08 12:59:26'),
	(31, '2018-10-08', 2, 1, 1, 6, 1, 1, 0, '2018-10-08 13:21:33', '2018-10-08 13:21:33'),
	(32, '2018-10-08', 2, 2, 1, 6, 1, 1, 0, '2018-10-08 13:22:49', '2018-10-08 13:22:49'),
	(33, '2018-10-09', 2, 2, 1, 29, 1, 1, 0, '2018-10-08 13:25:35', '2018-10-08 13:25:35'),
	(34, '2018-10-08', 2, 4, 1, 29, 1, 1, 0, '2018-10-08 13:26:08', '2018-10-08 13:26:08'),
	(35, '2018-10-08', 2, 7, 1, 29, 1, 1, 0, '2018-10-08 13:27:09', '2018-10-08 13:27:09'),
	(36, '2018-10-08', 2, 9, 1, 29, 1, 1, 0, '2018-10-08 13:27:52', '2018-10-08 13:27:52'),
	(37, '2018-10-08', 2, 10, 7, 29, 1, 1, 0, '2018-10-08 14:05:48', '2018-10-08 14:05:48'),
	(38, '2018-10-08', 2, 6, 1, 6, 1, 1, 0, '2018-10-08 14:06:30', '2018-10-08 14:06:30'),
	(39, '2018-10-11', 2, 3, 1, 6, 1, 1, 0, '2018-10-11 12:40:34', '2018-10-11 12:40:34'),
	(40, '2018-10-15', 2, 5, 1, 6, 1, 1, 0, '2018-10-15 12:16:31', '2018-10-15 12:16:31'),
	(41, '2018-10-16', 2, 5, 1, 6, 1, 1, 0, '2018-10-16 12:23:10', '2018-10-16 12:23:10'),
	(42, '2018-10-17', 2, 5, 1, 6, 1, 1, 0, '2018-10-17 12:19:03', '2018-10-17 12:19:03'),
	(43, '2018-10-18', 2, 7, 1, 6, 1, 1, 0, '2018-10-18 09:41:40', '2018-10-18 09:41:40'),
	(44, '2018-10-19', 2, 13, 1, 6, 1, 1, 0, '2018-10-19 12:24:54', '2018-10-19 12:24:54'),
	(55, '2018-10-22', 2, 1, 1, 6, 1, 1, 0, '2018-10-22 12:02:13', NULL),
	(56, '2018-10-22', 2, 3, 2, 6, 1, 1, 0, '2018-10-22 11:23:18', '2018-10-22 11:23:18'),
	(57, '2018-10-22', 2, 4, 1, 6, 1, 1, 0, '2018-10-22 11:23:55', '2018-10-22 11:23:55'),
	(58, '2018-10-22', 2, 21, 1, 29, 1, 1, 0, '2018-10-22 14:06:28', '2018-10-22 14:06:28'),
	(59, '2018-10-23', 2, 5, 2, 6, 1, 1, 0, '2018-10-23 10:16:12', '2018-10-23 10:16:12'),
	(60, '2018-10-24', 2, 7, 1, 6, 1, 1, 0, '2018-10-24 09:36:11', '2018-10-24 09:36:11'),
	(61, '2018-10-25', 2, 7, 2, 6, 1, 1, 0, '2018-10-25 09:19:31', '2018-10-25 09:19:31'),
	(62, '2018-10-26', 2, 7, 1, 6, 1, 1, 0, '2018-10-26 09:31:39', '2018-10-26 09:31:39'),
	(63, '2018-10-26', 2, 8, 1, 29, 1, 1, 0, '2018-10-26 14:04:14', '2018-10-26 14:04:14'),
	(64, '2018-10-29', 2, 7, 1, 6, 1, 1, 0, '2018-10-29 09:54:47', '2018-10-29 09:54:47'),
	(65, '2018-10-31', 2, 7, 1, 6, 1, 1, 0, '2018-10-31 09:30:34', '2018-10-31 09:30:34'),
	(66, '2018-11-01', 2, 7, 1, 6, 1, 1, 0, '2018-11-01 09:47:12', '2018-11-01 09:47:12'),
	(67, '2018-11-05', 2, 7, 1, 6, 1, 1, 0, '2018-11-05 10:49:39', '2018-11-05 10:49:39');
/*!40000 ALTER TABLE `consultas` ENABLE KEYS */;

-- Copiando estrutura para tabela la-gravidanza.consulta_andamento
CREATE TABLE IF NOT EXISTS `consulta_andamento` (
  `id` int(10) unsigned NOT NULL AUTO_INCREMENT,
  `nome` varchar(50) COLLATE utf8mb4_unicode_ci NOT NULL,
  `icone` varchar(255) COLLATE utf8mb4_unicode_ci NOT NULL,
  `is_deleted` tinyint(1) NOT NULL DEFAULT '0',
  `created_at` timestamp NULL DEFAULT NULL,
  `updated_at` timestamp NULL DEFAULT NULL,
  PRIMARY KEY (`id`)
) ENGINE=InnoDB AUTO_INCREMENT=6 DEFAULT CHARSET=utf8mb4 COLLATE=utf8mb4_unicode_ci;

-- Copiando dados para a tabela la-gravidanza.consulta_andamento: ~5 rows (aproximadamente)
DELETE FROM `consulta_andamento`;
/*!40000 ALTER TABLE `consulta_andamento` DISABLE KEYS */;
INSERT INTO `consulta_andamento` (`id`, `nome`, `icone`, `is_deleted`, `created_at`, `updated_at`) VALUES
	(1, 'Agendado', '<i style="color: #FBC02D; font-size: 18px;" class="fa fa-calendar-check-o" aria-hidden="true"></i>', 0, '2018-10-03 12:57:49', '2018-10-03 12:57:49'),
	(2, 'Atendido', '<i style="color: #2E7D32; font-size: 18px;" class="fa fa-smile-o" aria-hidden="true"></i>', 0, '2018-10-03 12:57:49', '2018-10-03 12:57:49'),
	(3, 'Não Compareceu', '<i style="color: #F44336; font-size: 18px;" class="fa fa-frown-o" aria-hidden="true"></i>', 0, '2018-10-03 12:57:49', '2018-10-03 12:57:49'),
	(4, 'Paciente Desmarcou', '<i style="color: #2196F3; font-size: 18px;" class="fa fa-meh-o" aria-hidden="true"></i>', 0, '2018-10-03 12:57:49', '2018-10-03 12:57:49'),
	(5, 'Aguardando', '<i style="color: #11a32a; font-size: 18px;" class="fa fa-thumbs-up" aria-hidden="true"></i>', 0, '2018-10-03 12:57:49', '2018-10-03 12:57:49');
/*!40000 ALTER TABLE `consulta_andamento` ENABLE KEYS */;

-- Copiando estrutura para tabela la-gravidanza.consulta_status
CREATE TABLE IF NOT EXISTS `consulta_status` (
  `id` int(10) unsigned NOT NULL AUTO_INCREMENT,
  `nome` varchar(50) COLLATE utf8mb4_unicode_ci NOT NULL,
  `is_deleted` tinyint(1) NOT NULL DEFAULT '0',
  `created_at` timestamp NULL DEFAULT NULL,
  `updated_at` timestamp NULL DEFAULT NULL,
  PRIMARY KEY (`id`)
) ENGINE=InnoDB AUTO_INCREMENT=7 DEFAULT CHARSET=utf8mb4 COLLATE=utf8mb4_unicode_ci;

-- Copiando dados para a tabela la-gravidanza.consulta_status: ~6 rows (aproximadamente)
DELETE FROM `consulta_status`;
/*!40000 ALTER TABLE `consulta_status` DISABLE KEYS */;
INSERT INTO `consulta_status` (`id`, `nome`, `is_deleted`, `created_at`, `updated_at`) VALUES
	(1, 'Agendado', 0, '2018-10-03 12:57:49', '2018-10-03 12:57:49'),
	(2, 'Aguardando', 0, '2018-10-03 12:57:49', '2018-10-03 12:57:49'),
	(3, 'Cancelado', 0, '2018-10-03 12:57:49', '2018-10-03 12:57:49'),
	(4, 'Remarcado Cliente', 0, '2018-10-03 12:57:49', '2018-10-03 12:57:49'),
	(5, 'Remarcado Gravidanza', 0, '2018-10-03 12:57:49', '2018-10-03 12:57:49'),
	(6, 'Retorno', 0, '2018-10-03 12:57:49', '2018-10-03 12:57:49');
/*!40000 ALTER TABLE `consulta_status` ENABLE KEYS */;

-- Copiando estrutura para tabela la-gravidanza.convenios
CREATE TABLE IF NOT EXISTS `convenios` (
  `id` int(10) unsigned NOT NULL AUTO_INCREMENT,
  `nome` varchar(250) COLLATE utf8mb4_unicode_ci NOT NULL,
  `is_deleted` tinyint(1) NOT NULL DEFAULT '0',
  `created_at` timestamp NULL DEFAULT NULL,
  `updated_at` timestamp NULL DEFAULT NULL,
  PRIMARY KEY (`id`)
) ENGINE=InnoDB AUTO_INCREMENT=25 DEFAULT CHARSET=utf8mb4 COLLATE=utf8mb4_unicode_ci;

-- Copiando dados para a tabela la-gravidanza.convenios: ~20 rows (aproximadamente)
DELETE FROM `convenios`;
/*!40000 ALTER TABLE `convenios` DISABLE KEYS */;
INSERT INTO `convenios` (`id`, `nome`, `is_deleted`, `created_at`, `updated_at`) VALUES
	(1, 'Mann, Oberbrunner and Hane', 0, '2018-10-03 12:57:48', '2018-10-03 12:57:48'),
	(2, 'Weissnat Inc', 0, '2018-10-03 12:57:48', '2018-10-03 12:57:48'),
	(3, 'Mraz, Waters and Bednar', 0, '2018-10-03 12:57:48', '2018-10-03 12:57:48'),
	(4, 'Miller Inc', 0, '2018-10-03 12:57:48', '2018-10-03 12:57:48'),
	(5, 'Kemmer PLC', 0, '2018-10-03 12:57:48', '2018-10-03 12:57:48'),
	(6, 'Satterfield-Reinger', 0, '2018-10-03 12:57:48', '2018-10-03 12:57:48'),
	(7, 'Ondricka-Upton', 0, '2018-10-03 12:57:48', '2018-10-03 12:57:48'),
	(8, 'Wisozk Inc', 0, '2018-10-03 12:57:48', '2018-10-03 12:57:48'),
	(9, 'Moen Ltd', 0, '2018-10-03 12:57:48', '2018-10-03 12:57:48'),
	(10, 'Senger PLC', 0, '2018-10-03 12:57:48', '2018-10-03 12:57:48'),
	(11, 'Bartell-Ruecker', 0, '2018-10-03 12:57:48', '2018-10-03 12:57:48'),
	(12, 'Carter Inc', 0, '2018-10-03 12:57:48', '2018-10-03 12:57:48'),
	(13, 'Heller-Collier', 0, '2018-10-03 12:57:48', '2018-10-03 12:57:48'),
	(14, 'Ernser, Blick and Kunze', 0, '2018-10-03 12:57:48', '2018-10-03 12:57:48'),
	(15, 'Dickinson-Wiegand', 0, '2018-10-03 12:57:48', '2018-10-03 12:57:48'),
	(16, 'Schaefer, Daugherty and Wisoky', 0, '2018-10-03 12:57:48', '2018-10-03 12:57:48'),
	(17, 'Volkman-Sporer', 0, '2018-10-03 12:57:48', '2018-10-03 12:57:48'),
	(18, 'Schroeder-Borer', 0, '2018-10-03 12:57:48', '2018-10-03 12:57:48'),
	(19, 'Feil, Rath and Bernier', 0, '2018-10-03 12:57:49', '2018-10-03 12:57:49'),
	(20, 'Anderson, Blanda and Monahan', 0, '2018-10-03 12:57:49', '2018-10-03 12:57:49'),
	(21, 'Teste convenio', 0, '2018-10-03 13:30:20', '2018-10-03 13:30:20'),
	(22, 'Teste convenio 2', 0, '2018-10-03 13:31:35', '2018-10-03 13:31:35'),
	(23, 'teste refresh', 0, '2018-10-18 12:44:58', '2018-10-18 12:44:58'),
	(24, 'Teste at teste', 0, '2018-10-22 10:35:30', '2018-10-22 10:35:30');
/*!40000 ALTER TABLE `convenios` ENABLE KEYS */;

-- Copiando estrutura para tabela la-gravidanza.documentos
CREATE TABLE IF NOT EXISTS `documentos` (
  `id` int(10) unsigned NOT NULL AUTO_INCREMENT,
  `nome` varchar(250) COLLATE utf8mb4_unicode_ci NOT NULL,
  `path` varchar(500) COLLATE utf8mb4_unicode_ci NOT NULL,
  `tipo` varchar(50) COLLATE utf8mb4_unicode_ci NOT NULL,
  `paciente_id` int(10) unsigned NOT NULL,
  `is_deleted` tinyint(1) NOT NULL DEFAULT '0',
  `created_at` timestamp NULL DEFAULT NULL,
  `updated_at` timestamp NULL DEFAULT NULL,
  PRIMARY KEY (`id`),
  KEY `documentos_paciente_id_foreign` (`paciente_id`),
  CONSTRAINT `documentos_paciente_id_foreign` FOREIGN KEY (`paciente_id`) REFERENCES `pacientes` (`id`) ON DELETE CASCADE ON UPDATE CASCADE
) ENGINE=InnoDB DEFAULT CHARSET=utf8mb4 COLLATE=utf8mb4_unicode_ci;

-- Copiando dados para a tabela la-gravidanza.documentos: ~0 rows (aproximadamente)
DELETE FROM `documentos`;
/*!40000 ALTER TABLE `documentos` DISABLE KEYS */;
/*!40000 ALTER TABLE `documentos` ENABLE KEYS */;

-- Copiando estrutura para tabela la-gravidanza.exames
CREATE TABLE IF NOT EXISTS `exames` (
  `id` int(10) unsigned NOT NULL AUTO_INCREMENT,
  `cod` varchar(150) COLLATE utf8mb4_unicode_ci NOT NULL,
  `nome` varchar(150) COLLATE utf8mb4_unicode_ci NOT NULL,
  `is_deleted` tinyint(1) NOT NULL DEFAULT '0',
  `created_at` timestamp NULL DEFAULT NULL,
  `updated_at` timestamp NULL DEFAULT NULL,
  PRIMARY KEY (`id`),
  UNIQUE KEY `exames_cod_unique` (`cod`)
) ENGINE=InnoDB AUTO_INCREMENT=1283 DEFAULT CHARSET=utf8mb4 COLLATE=utf8mb4_unicode_ci;

-- Copiando dados para a tabela la-gravidanza.exames: ~1.261 rows (aproximadamente)
DELETE FROM `exames`;
/*!40000 ALTER TABLE `exames` DISABLE KEYS */;
INSERT INTO `exames` (`id`, `cod`, `nome`, `is_deleted`, `created_at`, `updated_at`) VALUES
	(1, 'AUR', 'ACIDO URICO', 0, '2018-10-03 13:32:31', '2018-10-03 13:32:31'),
	(2, 'ALB', 'ALBUMINA (SANGUE)', 0, '2018-10-03 13:32:31', '2018-10-03 13:32:31'),
	(3, 'AMI', 'AMILASE (SANGUE)', 0, '2018-10-03 13:32:31', '2018-10-03 13:32:31'),
	(4, 'ASLO', 'ANTI-ESTREPTOLISINA O -', 0, '2018-10-03 13:32:31', '2018-10-03 13:32:31'),
	(5, 'BILI', 'BILIRRUBINAS', 0, '2018-10-03 13:32:31', '2018-10-03 13:32:31'),
	(6, 'CA', 'CALCIO (SANGUE)', 0, '2018-10-03 13:32:31', '2018-10-03 13:32:31'),
	(7, 'CL', 'CLORO (SORO)', 0, '2018-10-03 13:32:31', '2018-10-03 13:32:31'),
	(8, 'HDL', 'COLESTEROL HDL', 0, '2018-10-03 13:32:31', '2018-10-03 13:32:31'),
	(9, 'LDL', 'COLESTEROL LDL', 0, '2018-10-03 13:32:31', '2018-10-03 13:32:31'),
	(10, 'COL', 'COLESTEROL TOTAL', 0, '2018-10-03 13:32:31', '2018-10-03 13:32:31'),
	(11, 'COLTF', 'COLESTEROL TOTAL E', 0, '2018-10-03 13:32:31', '2018-10-03 13:32:31'),
	(12, 'VLDL', 'COLESTEROL VLDL', 0, '2018-10-03 13:32:31', '2018-10-03 13:32:31'),
	(13, 'CPK', 'CPK - CREATINO', 0, '2018-10-03 13:32:31', '2018-10-03 13:32:31'),
	(14, 'CRE', 'CREATININA', 0, '2018-10-03 13:32:31', '2018-10-03 13:32:31'),
	(15, 'CREU', 'CREATININA URINARIA', 0, '2018-10-03 13:32:31', '2018-10-03 13:32:31'),
	(16, 'CKMB', 'CREATINO FOSFOQUINASE -', 0, '2018-10-03 13:32:32', '2018-10-03 13:32:32'),
	(17, 'GTT4', 'CURVA GLICEMICA 4', 0, '2018-10-03 13:32:32', '2018-10-03 13:32:32'),
	(18, 'GTT5', 'CURVA GLICEMICA 5', 0, '2018-10-03 13:32:32', '2018-10-03 13:32:32'),
	(19, 'GTT6', 'CURVA GLICEMICA 6', 0, '2018-10-03 13:32:32', '2018-10-03 13:32:32'),
	(20, 'DHL', 'DEHIDROGENASE LATICA', 0, '2018-10-03 13:32:32', '2018-10-03 13:32:32'),
	(21, 'FR', 'FATOR REUMATOIDE - LATEX', 0, '2018-10-03 13:32:32', '2018-10-03 13:32:32'),
	(22, 'FER', 'FERRITINA', 0, '2018-10-03 13:32:32', '2018-10-03 13:32:32'),
	(23, 'FE', 'FERRO SERICO', 0, '2018-10-03 13:32:32', '2018-10-03 13:32:32'),
	(24, 'FAL', 'FOSFATASE ALCALINA', 0, '2018-10-03 13:32:32', '2018-10-03 13:32:32'),
	(25, 'P', 'FOSFORO SERICO', 0, '2018-10-03 13:32:32', '2018-10-03 13:32:32'),
	(26, 'GAMA', 'GAMA GLUTAMIL', 0, '2018-10-03 13:32:32', '2018-10-03 13:32:32'),
	(27, 'GLI', 'GLICOSE (SANGUE)', 0, '2018-10-03 13:32:32', '2018-10-03 13:32:32'),
	(28, 'GLIS2', 'GLICOSE 1 HORA  APOS 50G', 0, '2018-10-03 13:32:32', '2018-10-03 13:32:32'),
	(29, 'GLIS3', 'GLICOSE 1 HORA  APOS 75G', 0, '2018-10-03 13:32:32', '2018-10-03 13:32:32'),
	(30, 'GLIS4', 'GLICOSE 2 HORAS  APOS', 0, '2018-10-03 13:32:32', '2018-10-03 13:32:32'),
	(31, 'GLIS5', 'GLICOSE 2 HORAS  APOS', 0, '2018-10-03 13:32:32', '2018-10-03 13:32:32'),
	(32, 'GLIS6', 'GLICOSE 2 HORAS  APOS', 0, '2018-10-03 13:32:32', '2018-10-03 13:32:32'),
	(33, 'GLIS', 'GLICOSE APOS 2 HORAS', 0, '2018-10-03 13:32:32', '2018-10-03 13:32:32'),
	(34, 'GLIP', 'GLICOSE POS-PRANDIAL', 0, '2018-10-03 13:32:32', '2018-10-03 13:32:32'),
	(35, 'HBGLI', 'HEMOGLOBINA GLICOSILADA', 0, '2018-10-03 13:32:32', '2018-10-03 13:32:32'),
	(36, 'LT', 'LIPIDIOS TOTAIS', 0, '2018-10-03 13:32:32', '2018-10-03 13:32:32'),
	(37, 'LIPI', 'LIPIDOGRAMA COMPLETO', 0, '2018-10-03 13:32:32', '2018-10-03 13:32:32'),
	(38, 'MG', 'MAGNESIO', 0, '2018-10-03 13:32:32', '2018-10-03 13:32:32'),
	(39, 'MICRO', 'MICROALBUMINURIA (U-24H)', 0, '2018-10-03 13:32:32', '2018-10-03 13:32:32'),
	(40, 'K', 'POTASSIO', 0, '2018-10-03 13:32:32', '2018-10-03 13:32:32'),
	(41, 'PCR', 'PROTEINA C REATIVA', 0, '2018-10-03 13:32:33', '2018-10-03 13:32:33'),
	(42, 'PT', 'PROTEINAS TOTAIS', 0, '2018-10-03 13:32:33', '2018-10-03 13:32:33'),
	(43, 'PTF', 'PROTEINAS TOTAIS E', 0, '2018-10-03 13:32:33', '2018-10-03 13:32:33'),
	(44, 'PFH', 'PROVA DE FUNCAO HEPATICA', 0, '2018-10-03 13:32:33', '2018-10-03 13:32:33'),
	(45, 'NA', 'SODIO', 0, '2018-10-03 13:32:33', '2018-10-03 13:32:33'),
	(46, 'TTL', 'TESTE DE TOLERANCIA A', 0, '2018-10-03 13:32:33', '2018-10-03 13:32:33'),
	(47, 'TGO', 'TRANSAMINASE GLUTAMICO', 0, '2018-10-03 13:32:33', '2018-10-03 13:32:33'),
	(48, 'TGP', 'TRANSAMINASE GLUTAMICO', 0, '2018-10-03 13:32:33', '2018-10-03 13:32:33'),
	(49, 'TRI', 'TRIGLICERIDES', 0, '2018-10-03 13:32:33', '2018-10-03 13:32:33'),
	(50, 'TRO', 'TROPONINA', 0, '2018-10-03 13:32:33', '2018-10-03 13:32:33'),
	(51, 'UR', 'UREIA', 0, '2018-10-03 13:32:33', '2018-10-03 13:32:33'),
	(52, 'ALBU', 'ALBUMINA - PESQUISA', 0, '2018-10-03 13:32:33', '2018-10-03 13:32:33'),
	(53, 'DISMO', 'DISMORFISMO', 0, '2018-10-03 13:32:33', '2018-10-03 13:32:33'),
	(54, 'HCGU', 'HCG,URINA,DOSAGEM', 0, '2018-10-03 13:32:33', '2018-10-03 13:32:33'),
	(55, 'LEUU', 'LEUCOCITOS (URINA)', 0, '2018-10-03 13:32:33', '2018-10-03 13:32:33'),
	(56, 'SEDIM', 'SEDIMENTOSCOPIA', 0, '2018-10-03 13:32:33', '2018-10-03 13:32:33'),
	(57, 'UI', 'URINA TIPO I - EAS (ROTINA)', 0, '2018-10-03 13:32:33', '2018-10-03 13:32:33'),
	(58, 'CITOG', 'CITOGRAMA NASAL', 0, '2018-10-03 13:32:33', '2018-10-03 13:32:33'),
	(59, 'COAG', 'COAGULOGRAMA COMPLETO', 0, '2018-10-03 13:32:33', '2018-10-03 13:32:33'),
	(60, 'COD', 'COOMBS DIRETO', 0, '2018-10-03 13:32:33', '2018-10-03 13:32:33'),
	(61, 'COI', 'COOMBS INDIRETO', 0, '2018-10-03 13:32:33', '2018-10-03 13:32:33'),
	(62, 'ERI', 'ERITROGRAMA', 0, '2018-10-03 13:32:33', '2018-10-03 13:32:33'),
	(63, 'RH', 'FATOR RH', 0, '2018-10-03 13:32:33', '2018-10-03 13:32:33'),
	(64, 'GS', 'GRUPO SANGUINEO ABO', 0, '2018-10-03 13:32:33', '2018-10-03 13:32:33'),
	(65, 'HT', 'HEMATOCRITO', 0, '2018-10-03 13:32:33', '2018-10-03 13:32:33'),
	(66, 'HB', 'HEMOGLOBINA', 0, '2018-10-03 13:32:33', '2018-10-03 13:32:33'),
	(67, 'HG', 'HEMOGRAMA COMPLETA', 0, '2018-10-03 13:32:33', '2018-10-03 13:32:33'),
	(68, 'LEUCO', 'LEUCOGRAMA', 0, '2018-10-03 13:32:33', '2018-10-03 13:32:33'),
	(69, 'LIQS', 'LIQUIDO SINOVIAL (ROTINA)', 0, '2018-10-03 13:32:33', '2018-10-03 13:32:33'),
	(70, 'PLA', 'PLAQUETAS CONTAGEM', 0, '2018-10-03 13:32:33', '2018-10-03 13:32:33'),
	(71, 'PL', 'PROVA DO LAÇO', 0, '2018-10-03 13:32:34', '2018-10-03 13:32:34'),
	(72, 'RET', 'RETICULOCITOS CONTAGEM', 0, '2018-10-03 13:32:34', '2018-10-03 13:32:34'),
	(73, 'RC', 'RETRACAO DO COAGULO', 0, '2018-10-03 13:32:34', '2018-10-03 13:32:34'),
	(74, 'TC', 'TEMPO DE COAGULACAO', 0, '2018-10-03 13:32:34', '2018-10-03 13:32:34'),
	(75, 'TP', 'TEMPO DE PROTROMBINA', 0, '2018-10-03 13:32:34', '2018-10-03 13:32:34'),
	(76, 'TS', 'TEMPO DE SANGRAMENTO', 0, '2018-10-03 13:32:34', '2018-10-03 13:32:34'),
	(77, 'TTPA', 'TEMPO DE TROMBOPLASTINA', 0, '2018-10-03 13:32:34', '2018-10-03 13:32:34'),
	(78, 'TIPAG', 'TIPAGEM SANGUINEA', 0, '2018-10-03 13:32:34', '2018-10-03 13:32:34'),
	(79, 'VHS', 'VELOCIDADE DE', 0, '2018-10-03 13:32:34', '2018-10-03 13:32:34'),
	(80, 'BETAU', 'BETA HCG - URINA DOSAGEM', 0, '2018-10-03 13:32:34', '2018-10-03 13:32:34'),
	(81, 'BETA', 'BETA HCG QUALITATIVO', 0, '2018-10-03 13:32:34', '2018-10-03 13:32:34'),
	(82, 'BETAQ', 'BETA HCG QUANTITATIVO', 0, '2018-10-03 13:32:34', '2018-10-03 13:32:34'),
	(83, 'FSH', 'FSH - HORMONIO FOLICULO', 0, '2018-10-03 13:32:34', '2018-10-03 13:32:34'),
	(84, 'IGE', 'IMUNOGLOBULINA E', 0, '2018-10-03 13:32:34', '2018-10-03 13:32:34'),
	(85, 'LH', 'LH - HORMINIO LUTEINIZANTE', 0, '2018-10-03 13:32:34', '2018-10-03 13:32:34'),
	(86, 'T3', 'T3 - TRIIODOTIRONINA', 0, '2018-10-03 13:32:34', '2018-10-03 13:32:34'),
	(87, 'T4', 'T4 - TIROXINA', 0, '2018-10-03 13:32:34', '2018-10-03 13:32:34'),
	(88, 'T4L', 'T4 LIVRE', 0, '2018-10-03 13:32:34', '2018-10-03 13:32:34'),
	(89, 'TSH', 'TSH - HORMÔNIO', 0, '2018-10-03 13:32:34', '2018-10-03 13:32:34'),
	(90, 'VB12', 'VITAMINA B12', 0, '2018-10-03 13:32:34', '2018-10-03 13:32:34'),
	(91, 'VIT25', 'VITAMINA D (25 -', 0, '2018-10-03 13:32:34', '2018-10-03 13:32:34'),
	(92, 'GF', 'GORDURA NAS FEZES', 0, '2018-10-03 13:32:34', '2018-10-03 13:32:34'),
	(93, 'HELM', 'IDENTIFICAÇÃO DE', 0, '2018-10-03 13:32:34', '2018-10-03 13:32:34'),
	(94, 'LEUCP', 'LEUCOCITOS FECAIS (FEZES)', 0, '2018-10-03 13:32:34', '2018-10-03 13:32:34'),
	(95, 'SHIST', 'OVOS DE SCHISTOSSOMA', 0, '2018-10-03 13:32:34', '2018-10-03 13:32:34'),
	(96, 'PPF', 'PARASITOLOGICO DE FEZES', 0, '2018-10-03 13:32:34', '2018-10-03 13:32:34'),
	(97, 'PPF1', 'PARASITOLOGICO DE FEZES', 0, '2018-10-03 13:32:35', '2018-10-03 13:32:35'),
	(98, 'PPF2', 'PARASITOLOGICO DE FEZES', 0, '2018-10-03 13:32:35', '2018-10-03 13:32:35'),
	(99, 'PPF3', 'PARASITOLOGICO DE FEZES', 0, '2018-10-03 13:32:35', '2018-10-03 13:32:35'),
	(100, 'PHFC', 'PH -FECAL', 0, '2018-10-03 13:32:35', '2018-10-03 13:32:35'),
	(101, 'ROTA', 'ROTAVIRUS (FEZES)', 0, '2018-10-03 13:32:35', '2018-10-03 13:32:35'),
	(102, 'SO', 'SANGUE OCULTO (FEZES)', 0, '2018-10-03 13:32:35', '2018-10-03 13:32:35'),
	(103, 'SO1', 'SANGUE OCULTO - 1', 0, '2018-10-03 13:32:35', '2018-10-03 13:32:35'),
	(104, 'SO2', 'SANGUE OCULTO - 2', 0, '2018-10-03 13:32:35', '2018-10-03 13:32:35'),
	(105, 'SO3', 'SANGUE OCULTO - 3', 0, '2018-10-03 13:32:35', '2018-10-03 13:32:35'),
	(106, 'SOI', 'SANGUE OCULTO', 0, '2018-10-03 13:32:35', '2018-10-03 13:32:35'),
	(107, 'SWAB', 'SWAB ANAL OXIURUS', 0, '2018-10-03 13:32:35', '2018-10-03 13:32:35'),
	(108, 'BIPE', 'BIOPSIA DE PENIS (ATO +', 0, '2018-10-03 13:32:35', '2018-10-03 13:32:35'),
	(109, 'ATB1', 'ANTIBIOGRAMA', 0, '2018-10-03 13:32:35', '2018-10-03 13:32:35'),
	(110, 'ATB', 'ANTIBIOGRAMA', 0, '2018-10-03 13:32:35', '2018-10-03 13:32:35'),
	(111, 'ANTBC', 'ANTIBIOGRAMA', 0, '2018-10-03 13:32:35', '2018-10-03 13:32:35'),
	(112, 'ATB5', 'ANTIBIOGRAMA PARA', 0, '2018-10-03 13:32:35', '2018-10-03 13:32:35'),
	(113, 'ATBUR', 'ANTIBIOGRAMA UROCULTURA', 0, '2018-10-03 13:32:35', '2018-10-03 13:32:35'),
	(114, 'BACT', 'BACTERIOSCOPIA', 0, '2018-10-03 13:32:35', '2018-10-03 13:32:35'),
	(115, 'BACSV', 'BACTERIOSCOPIA -', 0, '2018-10-03 13:32:35', '2018-10-03 13:32:35'),
	(116, 'CITOE', 'CITOLOGIA ESCARRO', 0, '2018-10-03 13:32:35', '2018-10-03 13:32:35'),
	(117, 'CITM', 'CITOLOGIA SECRECAO DE', 0, '2018-10-03 13:32:35', '2018-10-03 13:32:35'),
	(118, 'CITOU', 'CITOLOGIA URINARIA', 0, '2018-10-03 13:32:35', '2018-10-03 13:32:35'),
	(119, 'COLP', 'COLPOSCOPIA', 0, '2018-10-03 13:32:35', '2018-10-03 13:32:35'),
	(120, 'COPRC', 'COPROCULTURA (CULTURA', 0, '2018-10-03 13:32:35', '2018-10-03 13:32:35'),
	(121, 'CULTE', 'CULTURA DE ESPERMA -', 0, '2018-10-03 13:32:35', '2018-10-03 13:32:35'),
	(122, 'CULLS', 'CULTURA DE LIQUIDO', 0, '2018-10-03 13:32:35', '2018-10-03 13:32:35'),
	(123, 'CULTC', 'CULTURA DE SECREÇÃO', 0, '2018-10-03 13:32:36', '2018-10-03 13:32:36'),
	(124, 'CULSE', 'CULTURA DE SECREÇÃO', 0, '2018-10-03 13:32:36', '2018-10-03 13:32:36'),
	(125, 'CULSN', 'CULTURA DE SECREÇÃO', 0, '2018-10-03 13:32:36', '2018-10-03 13:32:36'),
	(126, 'CULTO', 'CULTURA DE SECREÇÃO', 0, '2018-10-03 13:32:36', '2018-10-03 13:32:36'),
	(127, 'CULTU', 'CULTURA DE SECREÇÃO', 0, '2018-10-03 13:32:36', '2018-10-03 13:32:36'),
	(128, 'CULTV', 'CULTURA DE SECREÇÃO', 0, '2018-10-03 13:32:36', '2018-10-03 13:32:36'),
	(129, 'CULVU', 'CULTURA DE SECREÇÃO', 0, '2018-10-03 13:32:36', '2018-10-03 13:32:36'),
	(130, 'ESPG', 'ESPERMOGRAMA COMPLETO', 0, '2018-10-03 13:32:36', '2018-10-03 13:32:36'),
	(131, 'HEC1', 'HEMOCULTURA - 1ª AMOSTRA', 0, '2018-10-03 13:32:36', '2018-10-03 13:32:36'),
	(132, 'HEC2', 'HEMOCULTURA - 2ª AMOSTRA', 0, '2018-10-03 13:32:36', '2018-10-03 13:32:36'),
	(133, 'HEC3', 'HEMOCULTURA - 3ª AMOSTRA', 0, '2018-10-03 13:32:36', '2018-10-03 13:32:36'),
	(134, 'PALC', 'LIQUIDO PLEURAL CITOLOGIA', 0, '2018-10-03 13:32:36', '2018-10-03 13:32:36'),
	(135, 'PFU', 'PESQUISA DIRETA DE', 0, '2018-10-03 13:32:36', '2018-10-03 13:32:36'),
	(136, 'TRCH', 'TRICHOMONAS (PESQUISA)', 0, '2018-10-03 13:32:36', '2018-10-03 13:32:36'),
	(137, 'URO', 'UROCULTURA', 0, '2018-10-03 13:32:36', '2018-10-03 13:32:36'),
	(138, 'VULV', 'VULVOSCOPIA', 0, '2018-10-03 13:32:36', '2018-10-03 13:32:36'),
	(139, 'CRID', 'CRIOAGLUTININAS', 0, '2018-10-03 13:32:36', '2018-10-03 13:32:36'),
	(140, 'HBH', 'HEMOGLOBINA H', 0, '2018-10-03 13:32:36', '2018-10-03 13:32:36'),
	(141, '25HX', '2,5 - HEXANODIONA', 0, '2018-10-03 13:32:36', '2018-10-03 13:32:36'),
	(142, 'HIAA', 'ACIDO', 0, '2018-10-03 13:32:36', '2018-10-03 13:32:36'),
	(143, 'AHG', 'ACIDO HOMOGENTISICO', 0, '2018-10-03 13:32:36', '2018-10-03 13:32:36'),
	(144, 'HIST', 'ANTI-HISTOPLASMA', 0, '2018-10-03 13:32:36', '2018-10-03 13:32:36'),
	(145, 'RNA', 'ANTI-RNA', 0, '2018-10-03 13:32:36', '2018-10-03 13:32:36'),
	(146, 'TTG', 'ANTI-TRANSGLUTAMINASE', 0, '2018-10-03 13:32:36', '2018-10-03 13:32:36'),
	(147, 'ASPER', 'ASPERGILLUS - ANTICORPOS', 0, '2018-10-03 13:32:36', '2018-10-03 13:32:36'),
	(148, 'CA72', 'CA 72-4', 0, '2018-10-03 13:32:36', '2018-10-03 13:32:36'),
	(149, 'LAM', 'CADEIA LEVE LAMBDA', 0, '2018-10-03 13:32:36', '2018-10-03 13:32:36'),
	(150, 'LAMU', 'CADEIA LEVE LAMBDA', 0, '2018-10-03 13:32:37', '2018-10-03 13:32:37'),
	(151, 'TIBC', 'CAPACIDADE TOTAL DE', 0, '2018-10-03 13:32:37', '2018-10-03 13:32:37'),
	(152, 'CD3', 'CD3 (LINFOCITOS T', 0, '2018-10-03 13:32:37', '2018-10-03 13:32:37'),
	(153, 'CD4', 'CD4 (LINFOCITOS)', 0, '2018-10-03 13:32:37', '2018-10-03 13:32:37'),
	(154, 'CD8', 'CD8 (LINFOCITOS T', 0, '2018-10-03 13:32:37', '2018-10-03 13:32:37'),
	(155, 'CELNK', 'CELULAS NK (LINFOCITOS)', 0, '2018-10-03 13:32:37', '2018-10-03 13:32:37'),
	(156, 'CHPCR', 'CHLAMYDIA TRACHOMATIS', 0, '2018-10-03 13:32:37', '2018-10-03 13:32:37'),
	(157, 'CHUU', 'CHUMBO (URINA)', 0, '2018-10-03 13:32:37', '2018-10-03 13:32:37'),
	(158, 'COR16', 'CORTISOL - 16 HORAS', 0, '2018-10-03 13:32:37', '2018-10-03 13:32:37'),
	(159, 'CORS', 'CORTISOL SALIVAR', 0, '2018-10-03 13:32:37', '2018-10-03 13:32:37'),
	(160, 'CRIP', 'CRIOGLOBULINAS -', 0, '2018-10-03 13:32:37', '2018-10-03 13:32:37'),
	(161, 'CBAAR', 'CULTURA PARA BAAR', 0, '2018-10-03 13:32:37', '2018-10-03 13:32:37'),
	(162, 'CBK1', 'CULTURA PARA BK - 1ª', 0, '2018-10-03 13:32:37', '2018-10-03 13:32:37'),
	(163, 'CBK2', 'CULTURA PARA BK - 2ª', 0, '2018-10-03 13:32:37', '2018-10-03 13:32:37'),
	(164, 'CBK3', 'CULTURA PARA BK - 3ª', 0, '2018-10-03 13:32:37', '2018-10-03 13:32:37'),
	(165, 'UPL', 'CULTURA PARA UREAPLASMA', 0, '2018-10-03 13:32:37', '2018-10-03 13:32:37'),
	(166, 'ESTT', 'ESTROGENOS TOTAIS', 0, '2018-10-03 13:32:37', '2018-10-03 13:32:37'),
	(167, 'FATV', 'FATOR V DE LEIDEN', 0, '2018-10-03 13:32:37', '2018-10-03 13:32:37'),
	(168, 'C309', 'IGE RAST - ESPECIFICO', 0, '2018-10-03 13:32:37', '2018-10-03 13:32:37'),
	(169, 'F208', 'IGE RAST - ESPECIFICO', 0, '2018-10-03 13:32:37', '2018-10-03 13:32:37'),
	(170, 'MX2', 'IGE RAST - MULTIPLO (MX2)', 0, '2018-10-03 13:32:37', '2018-10-03 13:32:37'),
	(171, 'IMU', 'IMUNOFIXAÇÃO (U-24H)', 0, '2018-10-03 13:32:37', '2018-10-03 13:32:37'),
	(172, 'IODOS', 'IODO SERICO', 0, '2018-10-03 13:32:37', '2018-10-03 13:32:37'),
	(173, 'IODOU', 'IODO URINARIO', 0, '2018-10-03 13:32:38', '2018-10-03 13:32:38'),
	(174, 'MANG', 'MANGANES (URINA)', 0, '2018-10-03 13:32:38', '2018-10-03 13:32:38'),
	(175, 'MECC', 'METIL-ETILCETONA (URINA)', 0, '2018-10-03 13:32:38', '2018-10-03 13:32:38'),
	(176, 'MTA', 'MICOBACTERIUM', 0, '2018-10-03 13:32:38', '2018-10-03 13:32:38'),
	(177, 'MTP', 'MICOBACTERIUM', 0, '2018-10-03 13:32:38', '2018-10-03 13:32:38'),
	(178, 'MIOG', 'MIOGLOBINA (URINA)', 0, '2018-10-03 13:32:38', '2018-10-03 13:32:38'),
	(179, 'GENPR', 'MUTACAO NO GEN DA', 0, '2018-10-03 13:32:38', '2018-10-03 13:32:38'),
	(180, 'OPI', 'OPIACEOS (URINA)', 0, '2018-10-03 13:32:38', '2018-10-03 13:32:38'),
	(181, 'OSMUR', 'OSMOLALIDADE URINÁRIA', 0, '2018-10-03 13:32:38', '2018-10-03 13:32:38'),
	(182, 'OXIC', 'OXCARBAZEPINA', 0, '2018-10-03 13:32:38', '2018-10-03 13:32:38'),
	(183, 'PC', 'PNEUMOCYSTIS CARINII -', 0, '2018-10-03 13:32:38', '2018-10-03 13:32:38'),
	(184, 'PROI', 'PRO-INSULINA', 0, '2018-10-03 13:32:38', '2018-10-03 13:32:38'),
	(185, 'PTSL', 'PROTEINA S ANTIGENICA', 0, '2018-10-03 13:32:38', '2018-10-03 13:32:38'),
	(186, 'RFC', 'RISCO FETAL - TESTE', 0, '2018-10-03 13:32:38', '2018-10-03 13:32:38'),
	(187, 'RFI', 'RISCO FETAL - TESTE', 0, '2018-10-03 13:32:38', '2018-10-03 13:32:38'),
	(188, 'RFT', 'RISCO FETAL - TESTE TRIPLO', 0, '2018-10-03 13:32:38', '2018-10-03 13:32:38'),
	(189, 'SEL', 'SELENIO', 0, '2018-10-03 13:32:38', '2018-10-03 13:32:38'),
	(190, 'TOA', 'TOXOPLASMOSE IGA', 0, '2018-10-03 13:32:38', '2018-10-03 13:32:38'),
	(191, 'ILHOT', 'ANTI-ILHOTA DE', 0, '2018-10-03 13:32:38', '2018-10-03 13:32:38'),
	(192, 'CLOS', 'CLOSTRIDIUM DIFFICILE,', 0, '2018-10-03 13:32:38', '2018-10-03 13:32:38'),
	(193, 'ESTA', 'ESTANHO', 0, '2018-10-03 13:32:38', '2018-10-03 13:32:38'),
	(194, 'E81', 'IGE RAST - ESPECIFICO', 0, '2018-10-03 13:32:39', '2018-10-03 13:32:39'),
	(195, 'INSP', 'INSULINA POS PRANDIAL', 0, '2018-10-03 13:32:39', '2018-10-03 13:32:39'),
	(196, 'PLEX', 'IMUNOCOMPLEXOS', 0, '2018-10-03 13:32:39', '2018-10-03 13:32:39'),
	(197, 'JAK2', 'MUTACAO NO GEN JAK2', 0, '2018-10-03 13:32:39', '2018-10-03 13:32:39'),
	(198, 'CITU', 'CITRATO (U-24H)', 0, '2018-10-03 13:32:39', '2018-10-03 13:32:39'),
	(199, 'FVW', 'FATOR DE VON WILLEBRAND', 0, '2018-10-03 13:32:39', '2018-10-03 13:32:39'),
	(200, 'LEP', 'LEPTINA', 0, '2018-10-03 13:32:39', '2018-10-03 13:32:39'),
	(201, 'AURU', 'ACIDO URICO (URINA 24H)', 0, '2018-10-03 13:32:39', '2018-10-03 13:32:39'),
	(202, 'AMIU', 'AMILASE URINARIA (U-24H)', 0, '2018-10-03 13:32:39', '2018-10-03 13:32:39'),
	(203, 'CAU', 'CALCIO URINARIO (U-24H)', 0, '2018-10-03 13:32:39', '2018-10-03 13:32:39'),
	(204, 'CAUR', 'CLEARENCE DE ACIDO URICO', 0, '2018-10-03 13:32:39', '2018-10-03 13:32:39'),
	(205, 'CCRE', 'CLEARENCE DE CREATININA', 0, '2018-10-03 13:32:39', '2018-10-03 13:32:39'),
	(206, 'CFOS', 'CLEARENCE DE FOSFATO', 0, '2018-10-03 13:32:39', '2018-10-03 13:32:39'),
	(207, 'CUREI', 'CLEARENCE DE UREIA', 0, '2018-10-03 13:32:39', '2018-10-03 13:32:39'),
	(208, 'CL24', 'CLORETO (U-24H)', 0, '2018-10-03 13:32:39', '2018-10-03 13:32:39'),
	(209, 'CRU', 'CREATININA URINA', 0, '2018-10-03 13:32:39', '2018-10-03 13:32:39'),
	(210, 'PU', 'FOSFORO URINA DE', 0, '2018-10-03 13:32:39', '2018-10-03 13:32:39'),
	(211, 'GLIU', 'GLICOSE NA URINA DE 24', 0, '2018-10-03 13:32:39', '2018-10-03 13:32:39'),
	(212, 'GLI1', 'GLICOSURIA FRACIONADA:', 0, '2018-10-03 13:32:39', '2018-10-03 13:32:39'),
	(213, 'GLI2', 'GLICOSURIA FRACIONADA:', 0, '2018-10-03 13:32:39', '2018-10-03 13:32:39'),
	(214, 'GLI3', 'GLICOSURIA FRACIONADA:', 0, '2018-10-03 13:32:40', '2018-10-03 13:32:40'),
	(215, 'GLI4', 'GLICOSURIA FRACIONADA:', 0, '2018-10-03 13:32:40', '2018-10-03 13:32:40'),
	(216, 'MGU', 'MAGNESIO URINA DE 24', 0, '2018-10-03 13:32:40', '2018-10-03 13:32:40'),
	(217, 'KUR', 'POTASSIO (U)', 0, '2018-10-03 13:32:40', '2018-10-03 13:32:40'),
	(218, 'PTUAI', 'PROTEINA NA URINA', 0, '2018-10-03 13:32:40', '2018-10-03 13:32:40'),
	(219, 'PTU', 'PROTEINURIA NA URINA 24', 0, '2018-10-03 13:32:40', '2018-10-03 13:32:40'),
	(220, 'PAFR', 'PROVA DE ATIVIDADE', 0, '2018-10-03 13:32:40', '2018-10-03 13:32:40'),
	(221, 'URUR', 'UREIA URINA DE 24 HORAS', 0, '2018-10-03 13:32:40', '2018-10-03 13:32:40'),
	(222, 'WR', 'WAALER-ROSE', 0, '2018-10-03 13:32:40', '2018-10-03 13:32:40'),
	(223, 'ANLU', 'ANTI-COAGULANTE LUPICO', 0, '2018-10-03 13:32:40', '2018-10-03 13:32:40'),
	(224, 'E2', 'ESTRADIOL (E2)', 0, '2018-10-03 13:32:40', '2018-10-03 13:32:40'),
	(225, 'HIVR', 'HIV TESTE RAPIDO', 0, '2018-10-03 13:32:40', '2018-10-03 13:32:40'),
	(226, 'PRG', 'PROGESTERONA', 0, '2018-10-03 13:32:40', '2018-10-03 13:32:40'),
	(227, 'PRL', 'PROLACTINA', 0, '2018-10-03 13:32:40', '2018-10-03 13:32:40'),
	(228, 'TESTL', 'TESTOSTERONA LIVRE', 0, '2018-10-03 13:32:40', '2018-10-03 13:32:40'),
	(229, 'TESTO', 'TESTOSTERONA TOTAL', 0, '2018-10-03 13:32:40', '2018-10-03 13:32:40'),
	(230, 'VD', 'VDRL', 0, '2018-10-03 13:32:40', '2018-10-03 13:32:40'),
	(231, 'BUTAN', '1,2 DIHIDROXI-4', 0, '2018-10-03 13:32:40', '2018-10-03 13:32:40'),
	(232, '11DXC', '11 DEOXYCORTICOSTERONA', 0, '2018-10-03 13:32:40', '2018-10-03 13:32:40'),
	(233, '17PRE', '17 ALFA', 0, '2018-10-03 13:32:40', '2018-10-03 13:32:40'),
	(234, '17RIE', '17 ALFA', 0, '2018-10-03 13:32:40', '2018-10-03 13:32:40'),
	(235, '17PGC', '17 ALFA', 0, '2018-10-03 13:32:40', '2018-10-03 13:32:40'),
	(236, '17PC', '17 ALFA', 0, '2018-10-03 13:32:40', '2018-10-03 13:32:40'),
	(237, '17PGN', '17 ALFA', 0, '2018-10-03 13:32:40', '2018-10-03 13:32:40'),
	(238, '17KS', '17 CETOSTEROIDES', 0, '2018-10-03 13:32:40', '2018-10-03 13:32:40'),
	(239, '17OHH', '17 HIDROXIESTEROIDES', 0, '2018-10-03 13:32:40', '2018-10-03 13:32:40'),
	(240, '17CE', '17 HIDROXIESTEROIDES', 0, '2018-10-03 13:32:40', '2018-10-03 13:32:40'),
	(241, '17PG', '17-ALFA-HIDROXIPROGESTER', 0, '2018-10-03 13:32:40', '2018-10-03 13:32:40'),
	(242, '17OH', '17-HIDROXICORTICOSTEROI', 0, '2018-10-03 13:32:41', '2018-10-03 13:32:41'),
	(243, '18HDC', '18', 0, '2018-10-03 13:32:41', '2018-10-03 13:32:41'),
	(244, '3DIOL', '3 ALFA ANDROSTANEDIOL', 0, '2018-10-03 13:32:41', '2018-10-03 13:32:41'),
	(245, '3MH', '3-METIL HISTIDINA -', 0, '2018-10-03 13:32:41', '2018-10-03 13:32:41'),
	(246, '5NU', '5 NUCLEOTIDASE', 0, '2018-10-03 13:32:41', '2018-10-03 13:32:41'),
	(247, '7HDCO', '7- DEHIDROCOLESTEROL', 0, '2018-10-03 13:32:41', '2018-10-03 13:32:41'),
	(248, 'CACAL', 'AC CONTRA CANAL DE', 0, '2018-10-03 13:32:41', '2018-10-03 13:32:41'),
	(249, 'ACBL', 'ACETILCOLINA ANTICORPO', 0, '2018-10-03 13:32:41', '2018-10-03 13:32:41'),
	(250, 'ACET', 'ACETILCOLINA, ANTICORPO', 0, '2018-10-03 13:32:41', '2018-10-03 13:32:41'),
	(251, 'ACMO', 'ACETILCOLINA, ANTICORPO', 0, '2018-10-03 13:32:41', '2018-10-03 13:32:41'),
	(252, 'COLI', 'ACETILCOLINESTERASE EM', 0, '2018-10-03 13:32:41', '2018-10-03 13:32:41'),
	(253, 'ACETO', 'ACETONA', 0, '2018-10-03 13:32:41', '2018-10-03 13:32:41'),
	(254, 'VTC', 'ACIDO ASCORBICO', 0, '2018-10-03 13:32:41', '2018-10-03 13:32:41'),
	(255, 'CITRA', 'ACIDO CITRICO - (SORO)', 0, '2018-10-03 13:32:41', '2018-10-03 13:32:41'),
	(256, 'AAC', 'ACIDO CITRICO - (URINA)', 0, '2018-10-03 13:32:42', '2018-10-03 13:32:42'),
	(257, 'ALAU', 'ACIDO DELTA', 0, '2018-10-03 13:32:42', '2018-10-03 13:32:42'),
	(258, 'ALAS', 'ACIDO', 0, '2018-10-03 13:32:42', '2018-10-03 13:32:42'),
	(259, 'ACF', 'ACIDO FOLICO', 0, '2018-10-03 13:32:42', '2018-10-03 13:32:42'),
	(260, 'ACH', 'ACIDO HIPURICO (PARA', 0, '2018-10-03 13:32:42', '2018-10-03 13:32:42'),
	(261, 'AHV', 'ACIDO HOMOVANILICO', 0, '2018-10-03 13:32:42', '2018-10-03 13:32:42'),
	(262, 'ACL', 'ACIDO LACTICO - LACTATO', 0, '2018-10-03 13:32:42', '2018-10-03 13:32:42'),
	(263, 'MADE', 'ACIDO MANDELICO', 0, '2018-10-03 13:32:42', '2018-10-03 13:32:42'),
	(264, 'AMH', 'ACIDO METIL HIPURICO (U)', 0, '2018-10-03 13:32:42', '2018-10-03 13:32:42'),
	(265, 'ACOXA', 'ACIDO OXALICO', 0, '2018-10-03 13:32:42', '2018-10-03 13:32:42'),
	(266, 'APV', 'ACIDO PIRUVICO', 0, '2018-10-03 13:32:42', '2018-10-03 13:32:42'),
	(267, 'ATC', 'ACIDO TRICLOROACETICO', 0, '2018-10-03 13:32:42', '2018-10-03 13:32:42'),
	(268, 'AV', 'ACIDO VALPROICO', 0, '2018-10-03 13:32:42', '2018-10-03 13:32:42'),
	(269, 'VMA', 'ACIDO VANILMANDELICO', 0, '2018-10-03 13:32:42', '2018-10-03 13:32:42'),
	(270, 'ACORG', 'ACIDOS ORGANICOS', 0, '2018-10-03 13:32:42', '2018-10-03 13:32:42'),
	(271, 'ACTH', 'ADRENOCORTICOTROFICO', 0, '2018-10-03 13:32:42', '2018-10-03 13:32:42'),
	(272, 'ALD', 'ALDOLASE', 0, '2018-10-03 13:32:42', '2018-10-03 13:32:42'),
	(273, 'ALDO', 'ALDOSTERONA (SANGUE)', 0, '2018-10-03 13:32:42', '2018-10-03 13:32:42'),
	(274, 'ALDOU', 'ALDOSTERONA (U/24H)', 0, '2018-10-03 13:32:42', '2018-10-03 13:32:42'),
	(275, 'ALDOP', 'ALDOSTERONA POSTURAL', 0, '2018-10-03 13:32:42', '2018-10-03 13:32:42'),
	(276, 'A1A', 'ALFA 1 ANTITRIPSINA', 0, '2018-10-03 13:32:43', '2018-10-03 13:32:43'),
	(277, 'AF1', 'ALFA 1 GLICOPROTEINA', 0, '2018-10-03 13:32:43', '2018-10-03 13:32:43'),
	(278, 'ATRIF', 'ALFA 1 TRIPSINA  DOSAGEM', 0, '2018-10-03 13:32:43', '2018-10-03 13:32:43'),
	(279, 'A2M', 'ALFA 2 MACROGLOBULINA', 0, '2018-10-03 13:32:43', '2018-10-03 13:32:43'),
	(280, 'AFP', 'ALFA FETOPROTEINA', 0, '2018-10-03 13:32:43', '2018-10-03 13:32:43'),
	(281, 'ALU', 'ALUMINIO (SANGUE)', 0, '2018-10-03 13:32:43', '2018-10-03 13:32:43'),
	(282, 'AL', 'ALUMINIO (URINA)', 0, '2018-10-03 13:32:43', '2018-10-03 13:32:43'),
	(283, 'AMISO', 'AMILASE ISOENZIMAS', 0, '2018-10-03 13:32:43', '2018-10-03 13:32:43'),
	(284, 'AMON', 'AMONIA', 0, '2018-10-03 13:32:43', '2018-10-03 13:32:43'),
	(285, 'AMOXI', 'AMOXICILINA', 0, '2018-10-03 13:32:43', '2018-10-03 13:32:43'),
	(286, 'AMP', 'AMP CICLICO', 0, '2018-10-03 13:32:43', '2018-10-03 13:32:43'),
	(287, 'AND', 'ANDROSTENEDIONA', 0, '2018-10-03 13:32:43', '2018-10-03 13:32:43'),
	(288, 'ANDR', 'ANDROSTERONA', 0, '2018-10-03 13:32:43', '2018-10-03 13:32:43'),
	(289, 'ANFCO', 'ANFETAMINAS - TESTE', 0, '2018-10-03 13:32:43', '2018-10-03 13:32:43'),
	(290, 'ANF', 'ANFETAMINAS - TESTE DE', 0, '2018-10-03 13:32:43', '2018-10-03 13:32:43'),
	(291, 'ANGI', 'ANGIOTENSINA I', 0, '2018-10-03 13:32:43', '2018-10-03 13:32:43'),
	(292, 'ANGII', 'ANGIOTENSINA II', 0, '2018-10-03 13:32:43', '2018-10-03 13:32:43'),
	(293, 'TROB3', 'ANTI TROMBINA III', 0, '2018-10-03 13:32:44', '2018-10-03 13:32:44'),
	(294, 'CAA', 'ANTI-CARDIOLIPINA IGA', 0, '2018-10-03 13:32:44', '2018-10-03 13:32:44'),
	(295, 'CAG', 'ANTI-CARDIOLIPINA IGG', 0, '2018-10-03 13:32:44', '2018-10-03 13:32:44'),
	(296, 'CAM', 'ANTI-CARDIOLIPINA IGM', 0, '2018-10-03 13:32:44', '2018-10-03 13:32:44'),
	(297, 'ANCA', 'ANTI-CITOPLASMA DE', 0, '2018-10-03 13:32:44', '2018-10-03 13:32:44'),
	(298, 'GLIAD', 'ANTI-GLIADINA IGA', 0, '2018-10-03 13:32:44', '2018-10-03 13:32:44'),
	(299, 'GLIAG', 'ANTI-GLIADINA IGG', 0, '2018-10-03 13:32:44', '2018-10-03 13:32:44'),
	(300, 'GLIAM', 'ANTI-GLIADINA IGM', 0, '2018-10-03 13:32:44', '2018-10-03 13:32:44'),
	(301, 'HTLV', 'ANTI-HTLV I E II', 0, '2018-10-03 13:32:44', '2018-10-03 13:32:44'),
	(302, 'RTC', 'ANTI-RETICULINA', 0, '2018-10-03 13:32:45', '2018-10-03 13:32:45'),
	(303, 'RNP', 'ANTICORPOS - RNP', 0, '2018-10-03 13:32:45', '2018-10-03 13:32:45'),
	(304, 'SLA', 'ANTICORPOS ANTI', 0, '2018-10-03 13:32:45', '2018-10-03 13:32:45'),
	(305, 'AACP', 'ANTICORPOS ANTI CELULAS', 0, '2018-10-03 13:32:45', '2018-10-03 13:32:45'),
	(306, 'DIFT', 'ANTICORPOS ANTI DIFTERIA', 0, '2018-10-03 13:32:45', '2018-10-03 13:32:45'),
	(307, 'DNASS', 'ANTICORPOS ANTI DNA -', 0, '2018-10-03 13:32:46', '2018-10-03 13:32:46'),
	(308, 'SCL70', 'ANTICORPOS ANTI', 0, '2018-10-03 13:32:46', '2018-10-03 13:32:46'),
	(309, 'ANTSP', 'ANTICORPOS ANTI', 0, '2018-10-03 13:32:46', '2018-10-03 13:32:46'),
	(310, 'GANGG', 'ANTICORPOS ANTI', 0, '2018-10-03 13:32:46', '2018-10-03 13:32:46'),
	(311, 'GANGM', 'ANTICORPOS ANTI', 0, '2018-10-03 13:32:46', '2018-10-03 13:32:46'),
	(312, 'AAG', 'ANTICORPOS ANTI', 0, '2018-10-03 13:32:46', '2018-10-03 13:32:46'),
	(313, 'HEPE', 'ANTICORPOS ANTI HEPATITE', 0, '2018-10-03 13:32:46', '2018-10-03 13:32:46'),
	(314, 'HEVM', 'ANTICORPOS ANTI HEPATITE', 0, '2018-10-03 13:32:46', '2018-10-03 13:32:46'),
	(315, 'AAHI', 'ANTICORPOS ANTI HISTONA', 0, '2018-10-03 13:32:46', '2018-10-03 13:32:46'),
	(316, 'LEGG', 'ANTICORPOS ANTI', 0, '2018-10-03 13:32:46', '2018-10-03 13:32:46'),
	(317, 'LEGM', 'ANTICORPOS ANTI', 0, '2018-10-03 13:32:46', '2018-10-03 13:32:46'),
	(318, 'LEISH', 'ANTICORPOS ANTI', 0, '2018-10-03 13:32:46', '2018-10-03 13:32:46'),
	(319, 'AAM', 'ANTICORPOS ANTI', 0, '2018-10-03 13:32:46', '2018-10-03 13:32:46'),
	(320, 'SRP', 'ANTICORPOS ANTI SRP', 0, '2018-10-03 13:32:46', '2018-10-03 13:32:46'),
	(321, 'T3AC', 'ANTICORPOS ANTI T3', 0, '2018-10-03 13:32:46', '2018-10-03 13:32:46'),
	(322, 'T4S', 'ANTICORPOS ANTI TIROXINA', 0, '2018-10-03 13:32:46', '2018-10-03 13:32:46'),
	(323, 'CCP', 'ANTICORPOS ANTI-CCP', 0, '2018-10-03 13:32:46', '2018-10-03 13:32:46'),
	(324, 'ANTIC', 'ANTICORPOS', 0, '2018-10-03 13:32:46', '2018-10-03 13:32:46'),
	(325, 'ADNA', 'ANTICORPOS ANTI-DNA', 0, '2018-10-03 13:32:46', '2018-10-03 13:32:46'),
	(326, 'AEND', 'ANTICORPOS', 0, '2018-10-03 13:32:47', '2018-10-03 13:32:47'),
	(327, 'ENDO', 'ANTICORPOS', 0, '2018-10-03 13:32:47', '2018-10-03 13:32:47'),
	(328, 'ENDM', 'ANTICORPOS', 0, '2018-10-03 13:32:47', '2018-10-03 13:32:47'),
	(329, 'AAINS', 'ANTICORPOS ANTI-INSULINA', 0, '2018-10-03 13:32:47', '2018-10-03 13:32:47'),
	(330, 'SSB', 'ANTICORPOS ANTI-LA (SSB)', 0, '2018-10-03 13:32:47', '2018-10-03 13:32:47'),
	(331, 'AAMIT', 'ANTICORPOS', 0, '2018-10-03 13:32:47', '2018-10-03 13:32:47'),
	(332, 'AAMC', 'ANTICORPOS ANTI-MUSCULO', 0, '2018-10-03 13:32:47', '2018-10-03 13:32:47'),
	(333, 'MUSE', 'ANTICORPOS ANTI-MUSCULO', 0, '2018-10-03 13:32:47', '2018-10-03 13:32:47'),
	(334, 'MUSL', 'ANTICORPOS ANTI-MUSCULO', 0, '2018-10-03 13:32:47', '2018-10-03 13:32:47'),
	(335, 'SSA', 'ANTICORPOS ANTI-RO (SSA)', 0, '2018-10-03 13:32:47', '2018-10-03 13:32:47'),
	(336, 'SM', 'ANTICORPOS ANTI-SM', 0, '2018-10-03 13:32:47', '2018-10-03 13:32:47'),
	(337, 'ANTIT', 'ANTICORPOS', 0, '2018-10-03 13:32:47', '2018-10-03 13:32:47'),
	(338, 'ADAG', 'ANTIGENO ADENOVIRUS', 0, '2018-10-03 13:32:47', '2018-10-03 13:32:47'),
	(339, 'CEA', 'ANTIGENO', 0, '2018-10-03 13:32:47', '2018-10-03 13:32:47'),
	(340, 'DELTA', 'ANTIGENO HEPATITE D -', 0, '2018-10-03 13:32:47', '2018-10-03 13:32:47'),
	(341, 'HLA', 'ANTIGENO HLA B27 (PCR)', 0, '2018-10-03 13:32:47', '2018-10-03 13:32:47'),
	(342, 'APOA', 'APOLIPOPROTEINA A1', 0, '2018-10-03 13:32:47', '2018-10-03 13:32:47'),
	(343, 'APOB', 'APOLIPOPROTEINA B', 0, '2018-10-03 13:32:47', '2018-10-03 13:32:47'),
	(344, 'ASS', 'ARSENICO (SORO)', 0, '2018-10-03 13:32:47', '2018-10-03 13:32:47'),
	(345, 'ASU', 'ARSENICO (URINA)', 0, '2018-10-03 13:32:47', '2018-10-03 13:32:47'),
	(346, 'BK3', 'BAAR - PESQUISA  3ª', 0, '2018-10-03 13:32:47', '2018-10-03 13:32:47'),
	(347, 'BK1', 'BAAR - PESQUISA 1ª', 0, '2018-10-03 13:32:48', '2018-10-03 13:32:48'),
	(348, 'BK2', 'BAAR - PESQUISA 2ª', 0, '2018-10-03 13:32:48', '2018-10-03 13:32:48'),
	(349, 'BK4', 'BAAR - PESQUISA 4ª', 0, '2018-10-03 13:32:48', '2018-10-03 13:32:48'),
	(350, 'BAUI', 'BAAR PESQUISA NA URINA', 0, '2018-10-03 13:32:48', '2018-10-03 13:32:48'),
	(351, 'BAES', 'BAAR PESQUISA NO', 0, '2018-10-03 13:32:48', '2018-10-03 13:32:48'),
	(352, 'BARBI', 'BARBITURICOS - TESTE DE', 0, '2018-10-03 13:32:48', '2018-10-03 13:32:48'),
	(353, 'B2M', 'BETA 2 MICROGLOBULINA', 0, '2018-10-03 13:32:48', '2018-10-03 13:32:48'),
	(354, 'B2URI', 'BETA 2 MICROGLOBULINA', 0, '2018-10-03 13:32:48', '2018-10-03 13:32:48'),
	(355, 'BCARO', 'BETA CAROTENO', 0, '2018-10-03 13:32:48', '2018-10-03 13:32:48'),
	(356, 'BETGA', 'BETA GLICURONIDASE', 0, '2018-10-03 13:32:48', '2018-10-03 13:32:48'),
	(357, 'B2G', 'BETA-2-GLICOPROTEINA I,', 0, '2018-10-03 13:32:48', '2018-10-03 13:32:48'),
	(358, 'BIOT', 'BIOTINIDASE - DOSAGEM', 0, '2018-10-03 13:32:48', '2018-10-03 13:32:48'),
	(359, 'BLAST', 'BLASTOMICOSE SUL', 0, '2018-10-03 13:32:48', '2018-10-03 13:32:48'),
	(360, 'BRG', 'BRUCELOSE IGG', 0, '2018-10-03 13:32:48', '2018-10-03 13:32:48'),
	(361, 'BRM', 'BRUCELOSE IGM', 0, '2018-10-03 13:32:48', '2018-10-03 13:32:48'),
	(362, 'CA125', 'CA 125', 0, '2018-10-03 13:32:48', '2018-10-03 13:32:48'),
	(363, 'CA153', 'CA 15-3', 0, '2018-10-03 13:32:48', '2018-10-03 13:32:48'),
	(364, 'CA199', 'CA 19-9', 0, '2018-10-03 13:32:48', '2018-10-03 13:32:48'),
	(365, 'CA27', 'CA 27-29', 0, '2018-10-03 13:32:48', '2018-10-03 13:32:48'),
	(366, 'CA50', 'CA 50', 0, '2018-10-03 13:32:49', '2018-10-03 13:32:49'),
	(367, 'KAP', 'CADEIA LEVE KAPPA', 0, '2018-10-03 13:32:49', '2018-10-03 13:32:49'),
	(368, 'KAPU', 'CADEIA LEVE KAPPA (U-24H)', 0, '2018-10-03 13:32:49', '2018-10-03 13:32:49'),
	(369, 'CAD', 'CADMIO (SORO)', 0, '2018-10-03 13:32:49', '2018-10-03 13:32:49'),
	(370, 'CADU', 'CADMIO (URINA)', 0, '2018-10-03 13:32:49', '2018-10-03 13:32:49'),
	(371, 'CAI', 'CALCIO IONIZAVEL', 0, '2018-10-03 13:32:49', '2018-10-03 13:32:49'),
	(372, 'CALCI', 'CALCITONINA', 0, '2018-10-03 13:32:49', '2018-10-03 13:32:49'),
	(373, 'CALCU', 'CALCULO URINARIO ANALISE', 0, '2018-10-03 13:32:49', '2018-10-03 13:32:49'),
	(374, 'CANCO', 'CANABINOIDES - TESTE', 0, '2018-10-03 13:32:49', '2018-10-03 13:32:49'),
	(375, 'CANA', 'CANABINOIDES - TESTE DE', 0, '2018-10-03 13:32:49', '2018-10-03 13:32:49'),
	(376, 'CAAGM', 'CANDIDA ALBICANS,', 0, '2018-10-03 13:32:49', '2018-10-03 13:32:49'),
	(377, 'CFFE', 'CAPACIDADE DE FIXACAO', 0, '2018-10-03 13:32:49', '2018-10-03 13:32:49'),
	(378, 'CFF', 'CAPACIDADE DE LIGACAO', 0, '2018-10-03 13:32:49', '2018-10-03 13:32:49'),
	(379, 'CLCF', 'CAPACIDADE LIVRE DE', 0, '2018-10-03 13:32:49', '2018-10-03 13:32:49'),
	(380, 'HPV', 'CAPTURA HIBRIDA PARA HPV', 0, '2018-10-03 13:32:49', '2018-10-03 13:32:49'),
	(381, 'CAR', 'CARBAMAZEPINA', 0, '2018-10-03 13:32:49', '2018-10-03 13:32:49'),
	(382, 'CARBO', 'CARBOXIHEMOGLOBINA', 0, '2018-10-03 13:32:49', '2018-10-03 13:32:49'),
	(383, 'CBG', 'CARIOTIPO COM BANGA G', 0, '2018-10-03 13:32:49', '2018-10-03 13:32:49'),
	(384, 'CATES', 'CATECOLAMINAS - FRACOES', 0, '2018-10-03 13:32:49', '2018-10-03 13:32:49'),
	(385, 'CTU', 'CATECOLAMINAS URINARIAS', 0, '2018-10-03 13:32:49', '2018-10-03 13:32:49'),
	(386, 'CAXG', 'CAXUMBA IGG', 0, '2018-10-03 13:32:49', '2018-10-03 13:32:49'),
	(387, 'CAXM', 'CAXUMBA IGM', 0, '2018-10-03 13:32:49', '2018-10-03 13:32:49'),
	(388, 'T4T8', 'CD4 E CD8 + CD3 -', 0, '2018-10-03 13:32:50', '2018-10-03 13:32:50'),
	(389, 'LE', 'CELULAS LE', 0, '2018-10-03 13:32:50', '2018-10-03 13:32:50'),
	(390, 'CERU', 'CERULOPLASMINA', 0, '2018-10-03 13:32:50', '2018-10-03 13:32:50'),
	(391, 'CHA', 'CHAGAS (HEMAGLUTINAÇÃO)', 0, '2018-10-03 13:32:50', '2018-10-03 13:32:50'),
	(392, 'CHG', 'CHAGAS IGG', 0, '2018-10-03 13:32:50', '2018-10-03 13:32:50'),
	(393, 'CHM', 'CHAGAS IGM', 0, '2018-10-03 13:32:50', '2018-10-03 13:32:50'),
	(394, 'CLPNA', 'CHLAMYDIA PNEUMONIAE', 0, '2018-10-03 13:32:50', '2018-10-03 13:32:50'),
	(395, 'CLPNG', 'CHLAMYDIA PNEUMONIAE', 0, '2018-10-03 13:32:50', '2018-10-03 13:32:50'),
	(396, 'CPAA', 'CHLAMYDIA PSITTACI,', 0, '2018-10-03 13:32:50', '2018-10-03 13:32:50'),
	(397, 'CPAG', 'CHLAMYDIA PSITTACI,', 0, '2018-10-03 13:32:50', '2018-10-03 13:32:50'),
	(398, 'CPAM', 'CHLAMYDIA PSITTACI,', 0, '2018-10-03 13:32:50', '2018-10-03 13:32:50'),
	(399, 'CHLAG', 'CHLAMYDIA TRACHOMATIS', 0, '2018-10-03 13:32:50', '2018-10-03 13:32:50'),
	(400, 'CHLAM', 'CHLAMYDIA TRACHOMATIS', 0, '2018-10-03 13:32:50', '2018-10-03 13:32:50'),
	(401, 'PCT', 'CHLAMYDIA TRACHOMATIS', 0, '2018-10-03 13:32:50', '2018-10-03 13:32:50'),
	(402, 'CHU', 'CHUMBO (SANGUE)', 0, '2018-10-03 13:32:50', '2018-10-03 13:32:50'),
	(403, 'CCLO', 'CICLOSPORINA', 0, '2018-10-03 13:32:50', '2018-10-03 13:32:50'),
	(404, 'CISTI', 'CISTICERCOSE (SANGUE)', 0, '2018-10-03 13:32:50', '2018-10-03 13:32:50'),
	(405, 'CIST', 'CISTINA', 0, '2018-10-03 13:32:51', '2018-10-03 13:32:51'),
	(406, 'CHS', 'CITOLOGIA HORMONAL', 0, '2018-10-03 13:32:51', '2018-10-03 13:32:51'),
	(407, 'CMAVG', 'CITOMEGALOVIRUS - TESTE', 0, '2018-10-03 13:32:51', '2018-10-03 13:32:51'),
	(408, 'CMG', 'CITOMEGALOVIRUS IGG,', 0, '2018-10-03 13:32:51', '2018-10-03 13:32:51'),
	(409, 'CMV', 'CITOMEGALOVIRUS IGM,', 0, '2018-10-03 13:32:51', '2018-10-03 13:32:51'),
	(410, 'CLOB', 'CLOBAZAM', 0, '2018-10-03 13:32:51', '2018-10-03 13:32:51'),
	(411, 'CLONA', 'CLONAZEPAN', 0, '2018-10-03 13:32:51', '2018-10-03 13:32:51'),
	(412, 'CLU', 'CLORO URINARIO', 0, '2018-10-03 13:32:51', '2018-10-03 13:32:51'),
	(413, 'COB', 'COBRE', 0, '2018-10-03 13:32:51', '2018-10-03 13:32:51'),
	(414, 'COU', 'COBRE NA URINA', 0, '2018-10-03 13:32:51', '2018-10-03 13:32:51'),
	(415, 'COCC', 'COCAINA - TESTE', 0, '2018-10-03 13:32:51', '2018-10-03 13:32:51'),
	(416, 'COC', 'COCAINA - TESTE DE', 0, '2018-10-03 13:32:51', '2018-10-03 13:32:51'),
	(417, 'CC1Q', 'COMPLEMENTO C1Q', 0, '2018-10-03 13:32:51', '2018-10-03 13:32:51'),
	(418, 'C3', 'COMPLEMENTO C3 (SANGUE)', 0, '2018-10-03 13:32:51', '2018-10-03 13:32:51'),
	(419, 'C4', 'COMPLEMENTO C4 (SANGUE)', 0, '2018-10-03 13:32:51', '2018-10-03 13:32:51'),
	(420, 'CC5', 'COMPLEMENTO C5 (SANGUE)', 0, '2018-10-03 13:32:51', '2018-10-03 13:32:51'),
	(421, 'CH100', 'COMPLEMENTO CH 100', 0, '2018-10-03 13:32:51', '2018-10-03 13:32:51'),
	(422, 'CH50', 'COMPLEMENTO CH 50', 0, '2018-10-03 13:32:51', '2018-10-03 13:32:51'),
	(423, 'COMPS', 'COMPOSTO-11', 0, '2018-10-03 13:32:51', '2018-10-03 13:32:51'),
	(424, 'COPRO', 'COPROLOGICO FUNCIONAL', 0, '2018-10-03 13:32:51', '2018-10-03 13:32:51'),
	(425, 'CORU', 'CORTISOL LIVRE (U-24H)', 0, '2018-10-03 13:32:51', '2018-10-03 13:32:51'),
	(426, 'CORT', 'CORTISOL SORO', 0, '2018-10-03 13:32:51', '2018-10-03 13:32:51'),
	(427, 'CORTI', 'CORTISONA', 0, '2018-10-03 13:32:51', '2018-10-03 13:32:51'),
	(428, 'COXA', 'COXSACKIEVIRUS A9,', 0, '2018-10-03 13:32:51', '2018-10-03 13:32:51'),
	(429, 'COXB', 'COXSACKIEVIRUS B (1-6),', 0, '2018-10-03 13:32:51', '2018-10-03 13:32:51'),
	(430, 'CINAS', 'CREATINA', 0, '2018-10-03 13:32:52', '2018-10-03 13:32:52'),
	(431, 'CROMA', 'CROMATOGRAFIA DE', 0, '2018-10-03 13:32:52', '2018-10-03 13:32:52'),
	(432, 'CARB', 'CROMATOGRAFIA DE', 0, '2018-10-03 13:32:52', '2018-10-03 13:32:52'),
	(433, 'CROM', 'CROMO (SORO)', 0, '2018-10-03 13:32:52', '2018-10-03 13:32:52'),
	(434, 'CRO', 'CROMO (URINA)', 0, '2018-10-03 13:32:52', '2018-10-03 13:32:52'),
	(435, 'CBK', 'CULTURA DE BK', 0, '2018-10-03 13:32:52', '2018-10-03 13:32:52'),
	(436, 'CULT', 'CULTURA GERAL', 0, '2018-10-03 13:32:52', '2018-10-03 13:32:52'),
	(437, 'CLAC', 'CULTURA PARA CHLAMYDIA', 0, '2018-10-03 13:32:52', '2018-10-03 13:32:52'),
	(438, 'CULTF', 'CULTURA PARA FUNGOS', 0, '2018-10-03 13:32:52', '2018-10-03 13:32:52'),
	(439, 'MICOC', 'CULTURA PARA MICOPLASMA', 0, '2018-10-03 13:32:52', '2018-10-03 13:32:52'),
	(440, 'PSB', 'CULTURA PARA', 0, '2018-10-03 13:32:52', '2018-10-03 13:32:52'),
	(441, 'CGI4', 'CURVA DE INSULINA 4', 0, '2018-10-03 13:32:52', '2018-10-03 13:32:52'),
	(442, 'CGI6', 'CURVA DE INSULINA 6', 0, '2018-10-03 13:32:52', '2018-10-03 13:32:52'),
	(443, 'DXYS', 'D-XILOSE, TESTE', 0, '2018-10-03 13:32:52', '2018-10-03 13:32:52'),
	(444, 'DXYU', 'D-XILOSE, TESTE', 0, '2018-10-03 13:32:52', '2018-10-03 13:32:52'),
	(445, 'DHEA', 'DEHIDROEPIANDROSTERONA', 0, '2018-10-03 13:32:52', '2018-10-03 13:32:52'),
	(446, 'DHT', 'DEHIDROTESTOSTERONA', 0, '2018-10-03 13:32:52', '2018-10-03 13:32:52'),
	(447, 'DEG', 'DENGUE IGG', 0, '2018-10-03 13:32:52', '2018-10-03 13:32:52'),
	(448, 'DEM', 'DENGUE IGM', 0, '2018-10-03 13:32:52', '2018-10-03 13:32:52'),
	(449, 'DEO', 'DEOXIPIRIDINOLINA', 0, '2018-10-03 13:32:52', '2018-10-03 13:32:52'),
	(450, 'ALFA1', 'DIAGNOSTICO DA MUTACAO', 0, '2018-10-03 13:32:52', '2018-10-03 13:32:52'),
	(451, 'DIAZE', 'DIAZEPAN', 0, '2018-10-03 13:32:52', '2018-10-03 13:32:52'),
	(452, 'FENI', 'DIFENILHIDANTOINA', 0, '2018-10-03 13:32:52', '2018-10-03 13:32:52'),
	(453, 'DIGO', 'DIGOXINA', 0, '2018-10-03 13:32:52', '2018-10-03 13:32:52'),
	(454, 'DIM', 'DIMERO D', 0, '2018-10-03 13:32:52', '2018-10-03 13:32:52'),
	(455, 'DNA2', 'DNA - ESTUDO DE', 0, '2018-10-03 13:32:52', '2018-10-03 13:32:52'),
	(456, 'DNA3', 'DNA - ESTUDO DE', 0, '2018-10-03 13:32:53', '2018-10-03 13:32:53'),
	(457, 'ECHOV', 'ECHOVIRUS, ANTICORPOS', 0, '2018-10-03 13:32:53', '2018-10-03 13:32:53'),
	(458, 'EFH', 'ELETROFORESE DE', 0, '2018-10-03 13:32:53', '2018-10-03 13:32:53'),
	(459, 'EFLIP', 'ELETROFORESE DE', 0, '2018-10-03 13:32:53', '2018-10-03 13:32:53'),
	(460, 'EFP', 'ELETROFORESE DE', 0, '2018-10-03 13:32:53', '2018-10-03 13:32:53'),
	(461, 'EFPU', 'ELETROFORESE DE', 0, '2018-10-03 13:32:53', '2018-10-03 13:32:53'),
	(462, 'EBG', 'EPSTEIN BARR IGG -', 0, '2018-10-03 13:32:53', '2018-10-03 13:32:53'),
	(463, 'EBM', 'EPSTEIN BARR IGM -', 0, '2018-10-03 13:32:53', '2018-10-03 13:32:53'),
	(464, 'ERIT', 'ERITROPOETINA', 0, '2018-10-03 13:32:53', '2018-10-03 13:32:53'),
	(465, 'EIM', 'ERROS INATOS DO', 0, '2018-10-03 13:32:53', '2018-10-03 13:32:53'),
	(466, 'SCHI', 'ESQUISTOSSOMOSE', 0, '2018-10-03 13:32:53', '2018-10-03 13:32:53'),
	(467, 'E3S', 'ESTRIOL (SORO)', 0, '2018-10-03 13:32:53', '2018-10-03 13:32:53'),
	(468, 'E3U', 'ESTRIOL URINARIO', 0, '2018-10-03 13:32:53', '2018-10-03 13:32:53'),
	(469, 'ESTRO', 'ESTRONA', 0, '2018-10-03 13:32:53', '2018-10-03 13:32:53'),
	(470, '5HTT', 'ESTUDO DO POLIMORFISMO', 0, '2018-10-03 13:32:53', '2018-10-03 13:32:53'),
	(471, 'ETANO', 'ETANOL (SANGUE)', 0, '2018-10-03 13:32:53', '2018-10-03 13:32:53'),
	(472, 'EF', 'EXAME A FRESCO FEZES', 0, '2018-10-03 13:32:53', '2018-10-03 13:32:53'),
	(473, 'EFSV', 'EXAME A FRESCO SECRECAO', 0, '2018-10-03 13:32:53', '2018-10-03 13:32:53'),
	(474, 'FAN', 'FATOR ANTI NUCLEO - FAN', 0, '2018-10-03 13:32:53', '2018-10-03 13:32:53'),
	(475, 'FAT9', 'FATOR IX DA COAGULACAO', 0, '2018-10-03 13:32:53', '2018-10-03 13:32:53'),
	(476, 'FAT7', 'FATOR VII DA COAGULACAO', 0, '2018-10-03 13:32:53', '2018-10-03 13:32:53'),
	(477, 'FAT8', 'FATOR VIII DA COAGULACAO', 0, '2018-10-03 13:32:53', '2018-10-03 13:32:53'),
	(478, 'FATV8', 'FATOR VIII, DOSAGEM DO', 0, '2018-10-03 13:32:53', '2018-10-03 13:32:53'),
	(479, 'FATI8', 'FATOR VIII, DOSAGEM DO', 0, '2018-10-03 13:32:53', '2018-10-03 13:32:53'),
	(480, 'FAT11', 'FATOR XI DA COAGULACAO', 0, '2018-10-03 13:32:54', '2018-10-03 13:32:54'),
	(481, 'FAT12', 'FATOR XII DOSAGEM', 0, '2018-10-03 13:32:54', '2018-10-03 13:32:54'),
	(482, 'FAT13', 'FATOR XIII DOSAGEM TESTE', 0, '2018-10-03 13:32:54', '2018-10-03 13:32:54'),
	(483, 'FENIA', 'FENILALANINA (ACIDO', 0, '2018-10-03 13:32:54', '2018-10-03 13:32:54'),
	(484, 'FENO', 'FENOBARBITAL', 0, '2018-10-03 13:32:54', '2018-10-03 13:32:54'),
	(485, 'FIBR', 'FIBRINOGENIO', 0, '2018-10-03 13:32:54', '2018-10-03 13:32:54'),
	(486, 'FILA', 'FILARIA PESQUISA', 0, '2018-10-03 13:32:54', '2018-10-03 13:32:54'),
	(487, 'FLUOR', 'FLUORETO (SORO)', 0, '2018-10-03 13:32:54', '2018-10-03 13:32:54'),
	(488, 'FLUTO', 'FLUORETO (URINA)', 0, '2018-10-03 13:32:54', '2018-10-03 13:32:54'),
	(489, 'DFLU', 'FLUOXETINA', 0, '2018-10-03 13:32:54', '2018-10-03 13:32:54'),
	(490, 'FAP', 'FOSFATASE ACIDA', 0, '2018-10-03 13:32:54', '2018-10-03 13:32:54'),
	(491, 'FAT', 'FOSFATASE ACIDA TOTAL', 0, '2018-10-03 13:32:54', '2018-10-03 13:32:54'),
	(492, 'FAFO', 'FOSFATASE ALCALINA', 0, '2018-10-03 13:32:54', '2018-10-03 13:32:54'),
	(493, 'FAI', 'FOSFATASE ALCALINA', 0, '2018-10-03 13:32:54', '2018-10-03 13:32:54'),
	(494, 'FRUTO', 'FRUTOSE', 0, '2018-10-03 13:32:54', '2018-10-03 13:32:54'),
	(495, 'FTG', 'FTA-ABS IGG', 0, '2018-10-03 13:32:54', '2018-10-03 13:32:54'),
	(496, 'FTM', 'FTA-ABS IGM', 0, '2018-10-03 13:32:54', '2018-10-03 13:32:54'),
	(497, 'GAD', 'GAD, AUTO ANTICORPOS', 0, '2018-10-03 13:32:54', '2018-10-03 13:32:54'),
	(498, 'GAST', 'GASTRINA', 0, '2018-10-03 13:32:54', '2018-10-03 13:32:54'),
	(499, 'GIAR', 'GIARDIA LAMBLIA', 0, '2018-10-03 13:32:54', '2018-10-03 13:32:54'),
	(500, 'GIAM', 'GIARDIA LAMBLIA', 0, '2018-10-03 13:32:54', '2018-10-03 13:32:54'),
	(501, 'G6PD', 'GLICOSE', 0, '2018-10-03 13:32:54', '2018-10-03 13:32:54'),
	(502, 'HAP', 'HAPTOGLOBINA', 0, '2018-10-03 13:32:54', '2018-10-03 13:32:54'),
	(503, 'HAVT', 'HAV TOTAL, ANTI', 0, '2018-10-03 13:32:54', '2018-10-03 13:32:54'),
	(504, 'HBCT', 'HBC TOTAL, ANTI', 0, '2018-10-03 13:32:54', '2018-10-03 13:32:54'),
	(505, 'HPG', 'HELICOBACTER PYLORI', 0, '2018-10-03 13:32:54', '2018-10-03 13:32:54'),
	(506, 'HPM', 'HELICOBACTER PYLORI,', 0, '2018-10-03 13:32:55', '2018-10-03 13:32:55'),
	(507, 'HBA2', 'HEMOGLOBINA A2', 0, '2018-10-03 13:32:55', '2018-10-03 13:32:55'),
	(508, 'HBF', 'HEMOGLOBINA FETAL', 0, '2018-10-03 13:32:55', '2018-10-03 13:32:55'),
	(509, 'HAVG', 'HEPATITE A - HAV', 0, '2018-10-03 13:32:55', '2018-10-03 13:32:55'),
	(510, 'HAVM', 'HEPATITE A - HAV', 0, '2018-10-03 13:32:55', '2018-10-03 13:32:55'),
	(511, 'HBCM', 'HEPATITE B ANTICORPO', 0, '2018-10-03 13:32:55', '2018-10-03 13:32:55'),
	(512, 'HBE', 'HEPATITE B ANTICORPO', 0, '2018-10-03 13:32:55', '2018-10-03 13:32:55'),
	(513, 'HBS', 'HEPATITE B ANTICORPO', 0, '2018-10-03 13:32:55', '2018-10-03 13:32:55'),
	(514, 'HBCG', 'HEPATITE B ANTICORPO', 0, '2018-10-03 13:32:55', '2018-10-03 13:32:55'),
	(515, 'HBEAG', 'HEPATITE B ANTIGENO HBEAG', 0, '2018-10-03 13:32:55', '2018-10-03 13:32:55'),
	(516, 'HBSAG', 'HEPATITE B ANTIGENO', 0, '2018-10-03 13:32:55', '2018-10-03 13:32:55'),
	(517, 'HBV', 'HEPATITE B VIRUS (HBV)', 0, '2018-10-03 13:32:55', '2018-10-03 13:32:55'),
	(518, 'HCV', 'HEPATITE C - ANTICORPOS', 0, '2018-10-03 13:32:55', '2018-10-03 13:32:55'),
	(519, 'HEG', 'HEPATITE G PCR', 0, '2018-10-03 13:32:55', '2018-10-03 13:32:55'),
	(520, 'HERSG', 'HERPES I , ANTICORPOS IGG', 0, '2018-10-03 13:32:55', '2018-10-03 13:32:55'),
	(521, 'HERSM', 'HERPES I , ANTICORPOS IGM', 0, '2018-10-03 13:32:55', '2018-10-03 13:32:55'),
	(522, 'HEGG', 'HERPES SIMPLES I - IGG', 0, '2018-10-03 13:32:55', '2018-10-03 13:32:55'),
	(523, 'HESM', 'HERPES SIMPLES I - IGM', 0, '2018-10-03 13:32:55', '2018-10-03 13:32:55'),
	(524, 'HERZG', 'HERPES ZOSTER (VARICELA)', 0, '2018-10-03 13:32:55', '2018-10-03 13:32:55'),
	(525, 'HERZM', 'HERPES ZOSTER (VARICELA)', 0, '2018-10-03 13:32:55', '2018-10-03 13:32:55'),
	(526, 'HERGG', 'HERPESVIRUS SIMPLES II,', 0, '2018-10-03 13:32:55', '2018-10-03 13:32:55'),
	(527, 'HERGM', 'HERPESVIRUS SIMPLES II,', 0, '2018-10-03 13:32:55', '2018-10-03 13:32:55'),
	(528, 'HEVE', 'HEV, ANTI', 0, '2018-10-03 13:32:55', '2018-10-03 13:32:55'),
	(529, 'HIDRO', 'HIDROXIPROLINA', 0, '2018-10-03 13:32:55', '2018-10-03 13:32:55'),
	(530, 'HISTO', 'HISTOPLASMOSE', 0, '2018-10-03 13:32:56', '2018-10-03 13:32:56'),
	(531, 'PTRHI', 'HIV PCR QUANTITATIVO EM', 0, '2018-10-03 13:32:56', '2018-10-03 13:32:56'),
	(532, 'HIVQL', 'HIV, PCR QUALITATIVO', 0, '2018-10-03 13:32:56', '2018-10-03 13:32:56'),
	(533, 'HOMOS', 'HOMOCISTEINA', 0, '2018-10-03 13:32:56', '2018-10-03 13:32:56'),
	(534, 'HCIST', 'HOMOCISTEINA URINARIA', 0, '2018-10-03 13:32:56', '2018-10-03 13:32:56'),
	(535, 'HAD', 'HORMONIO ANTIDIURETICO', 0, '2018-10-03 13:32:56', '2018-10-03 13:32:56'),
	(536, 'HGHE', 'HORMONIO DE', 0, '2018-10-03 13:32:56', '2018-10-03 13:32:56'),
	(537, 'HGH', 'HORMONIO DE', 0, '2018-10-03 13:32:56', '2018-10-03 13:32:56'),
	(538, 'IGA', 'IGA - IMUNOGLOBULINA A', 0, '2018-10-03 13:32:56', '2018-10-03 13:32:56'),
	(539, 'IGD', 'IGD - IMUNOGLOBULINA D', 0, '2018-10-03 13:32:56', '2018-10-03 13:32:56'),
	(540, 'C5', 'IGE ESPECIFICO PARA', 0, '2018-10-03 13:32:56', '2018-10-03 13:32:56'),
	(541, 'F232', 'IGE ESPECIFICO PARA', 0, '2018-10-03 13:32:56', '2018-10-03 13:32:56'),
	(542, 'E73', 'IGE RAST -   ESPECIFICO', 0, '2018-10-03 13:32:56', '2018-10-03 13:32:56'),
	(543, 'T6', 'IGE RAST -   ESPECIFICO', 0, '2018-10-03 13:32:56', '2018-10-03 13:32:56'),
	(544, 'G5', 'IGE RAST -   ESPECIFICO', 0, '2018-10-03 13:32:56', '2018-10-03 13:32:56'),
	(545, 'T70', 'IGE RAST -   ESPECIFICO', 0, '2018-10-03 13:32:56', '2018-10-03 13:32:56'),
	(546, 'F201', 'IGE RAST -   ESPECIFICO', 0, '2018-10-03 13:32:56', '2018-10-03 13:32:56'),
	(547, 'F256', 'IGE RAST -   ESPECIFICO', 0, '2018-10-03 13:32:56', '2018-10-03 13:32:56'),
	(548, 'T9', 'IGE RAST -   ESPECIFICO', 0, '2018-10-03 13:32:56', '2018-10-03 13:32:56'),
	(549, 'E74', 'IGE RAST -   ESPECIFICO', 0, '2018-10-03 13:32:56', '2018-10-03 13:32:56'),
	(550, 'E75', 'IGE RAST -   ESPECIFICO', 0, '2018-10-03 13:32:56', '2018-10-03 13:32:56'),
	(551, 'T7', 'IGE RAST -   ESPECIFICO', 0, '2018-10-03 13:32:56', '2018-10-03 13:32:56'),
	(552, 'K20', 'IGE RAST -  ESPECIFICO -', 0, '2018-10-03 13:32:56', '2018-10-03 13:32:56'),
	(553, 'D205', 'IGE RAST -  ESPECIFICO', 0, '2018-10-03 13:32:56', '2018-10-03 13:32:56'),
	(554, 'T19', 'IGE RAST -  ESPECIFICO', 0, '2018-10-03 13:32:56', '2018-10-03 13:32:56'),
	(555, 'C207', 'IGE RAST -  ESPECIFICO', 0, '2018-10-03 13:32:57', '2018-10-03 13:32:57'),
	(556, 'T2', 'IGE RAST -  ESPECIFICO', 0, '2018-10-03 13:32:57', '2018-10-03 13:32:57'),
	(557, 'T72', 'IGE RAST -  ESPECIFICO', 0, '2018-10-03 13:32:57', '2018-10-03 13:32:57'),
	(558, 'F260', 'IGE RAST -  ESPECIFICO', 0, '2018-10-03 13:32:57', '2018-10-03 13:32:57'),
	(559, 'F221', 'IGE RAST -  ESPECIFICO', 0, '2018-10-03 13:32:57', '2018-10-03 13:32:57'),
	(560, 'F220', 'IGE RAST -  ESPECIFICO', 0, '2018-10-03 13:32:57', '2018-10-03 13:32:57'),
	(561, 'T22', 'IGE RAST -  ESPECIFICO', 0, '2018-10-03 13:32:57', '2018-10-03 13:32:57'),
	(562, 'F202', 'IGE RAST -  ESPECIFICO', 0, '2018-10-03 13:32:57', '2018-10-03 13:32:57'),
	(563, 'T73', 'IGE RAST -  ESPECIFICO', 0, '2018-10-03 13:32:57', '2018-10-03 13:32:57'),
	(564, 'T17', 'IGE RAST -  ESPECIFICO', 0, '2018-10-03 13:32:57', '2018-10-03 13:32:57'),
	(565, 'T23', 'IGE RAST -  ESPECIFICO', 0, '2018-10-03 13:32:57', '2018-10-03 13:32:57'),
	(566, 'F219', 'IGE RAST -  ESPECIFICO', 0, '2018-10-03 13:32:57', '2018-10-03 13:32:57'),
	(567, 'F214', 'IGE RAST -  ESPECIFICO', 0, '2018-10-03 13:32:57', '2018-10-03 13:32:57'),
	(568, 'T18', 'IGE RAST -  ESPECIFICO', 0, '2018-10-03 13:32:57', '2018-10-03 13:32:57'),
	(569, 'T5', 'IGE RAST -  ESPECIFICO', 0, '2018-10-03 13:32:57', '2018-10-03 13:32:57'),
	(570, 'T15', 'IGE RAST -  ESPECIFICO', 0, '2018-10-03 13:32:57', '2018-10-03 13:32:57'),
	(571, 'T210', 'IGE RAST -  ESPECIFICO', 0, '2018-10-03 13:32:57', '2018-10-03 13:32:57'),
	(572, 'T21', 'IGE RAST -  ESPECIFICO', 0, '2018-10-03 13:32:57', '2018-10-03 13:32:57'),
	(573, 'F283', 'IGE RAST -  ESPECIFICO', 0, '2018-10-03 13:32:57', '2018-10-03 13:32:57'),
	(574, 'E86', 'IGE RAST -  ESPECIFICO', 0, '2018-10-03 13:32:57', '2018-10-03 13:32:57'),
	(575, 'M1', 'IGE RAST -  ESPECIFICO', 0, '2018-10-03 13:32:57', '2018-10-03 13:32:57'),
	(576, 'G6', 'IGE RAST -  ESPECIFICO', 0, '2018-10-03 13:32:57', '2018-10-03 13:32:57'),
	(577, 'T16', 'IGE RAST -  ESPECIFICO', 0, '2018-10-03 13:32:57', '2018-10-03 13:32:57'),
	(578, 'T14', 'IGE RAST -  ESPECIFICO', 0, '2018-10-03 13:32:58', '2018-10-03 13:32:58'),
	(579, 'T20', 'IGE RAST -  ESPECIFICO', 0, '2018-10-03 13:32:58', '2018-10-03 13:32:58'),
	(580, 'E72', 'IGE RAST -  ESPECIFICO', 0, '2018-10-03 13:32:58', '2018-10-03 13:32:58'),
	(581, 'T12', 'IGE RAST -  ESPECIFICO', 0, '2018-10-03 13:32:58', '2018-10-03 13:32:58'),
	(582, 'F308', 'IGE RAST -  ESPECIFICO', 0, '2018-10-03 13:32:58', '2018-10-03 13:32:58'),
	(583, 'F289', 'IGE RAST -  ESPECIFICO', 0, '2018-10-03 13:32:58', '2018-10-03 13:32:58'),
	(584, 'T208', 'IGE RAST -  ESPECIFICO', 0, '2018-10-03 13:32:58', '2018-10-03 13:32:58'),
	(585, 'T8', 'IGE RAST -  ESPECIFICO', 0, '2018-10-03 13:32:58', '2018-10-03 13:32:58'),
	(586, 'GX1', 'IGE RAST -  MULTIPLO (GX1)', 0, '2018-10-03 13:32:58', '2018-10-03 13:32:58'),
	(587, 'D2', 'IGE RAST - ACARO', 0, '2018-10-03 13:32:58', '2018-10-03 13:32:58'),
	(588, 'D1', 'IGE RAST - ACARO', 0, '2018-10-03 13:32:58', '2018-10-03 13:32:58'),
	(589, 'C6', 'IGE RAST - AMOXICILINA', 0, '2018-10-03 13:32:58', '2018-10-03 13:32:58'),
	(590, 'D201', 'IGE RAST - BLOMIA', 0, '2018-10-03 13:32:58', '2018-10-03 13:32:58'),
	(591, 'F36', 'IGE RAST - COCO (F36)', 0, '2018-10-03 13:32:58', '2018-10-03 13:32:58'),
	(592, 'F340', 'IGE RAST - CORANTE', 0, '2018-10-03 13:32:58', '2018-10-03 13:32:58'),
	(593, 'E05', 'IGE RAST - EPITELIO DE CAO', 0, '2018-10-03 13:32:58', '2018-10-03 13:32:58'),
	(594, 'D3', 'IGE RAST - ESPECIFICO', 0, '2018-10-03 13:32:58', '2018-10-03 13:32:58'),
	(595, 'M80', 'IGE RAST - ESPECIFICO', 0, '2018-10-03 13:32:58', '2018-10-03 13:32:58'),
	(596, 'F96', 'IGE RAST - ESPECIFICO', 0, '2018-10-03 13:32:58', '2018-10-03 13:32:58'),
	(597, 'F225', 'IGE RAST - ESPECIFICO', 0, '2018-10-03 13:32:58', '2018-10-03 13:32:58'),
	(598, 'F331', 'IGE RAST - ESPECIFICO', 0, '2018-10-03 13:32:58', '2018-10-03 13:32:58'),
	(599, 'D70', 'IGE RAST - ESPECIFICO', 0, '2018-10-03 13:32:58', '2018-10-03 13:32:58'),
	(600, 'C206', 'IGE RAST - ESPECIFICO', 0, '2018-10-03 13:32:58', '2018-10-03 13:32:58'),
	(601, 'F85', 'IGE RAST - ESPECIFICO', 0, '2018-10-03 13:32:58', '2018-10-03 13:32:58'),
	(602, 'F76', 'IGE RAST - ESPECIFICO', 0, '2018-10-03 13:32:58', '2018-10-03 13:32:58'),
	(603, 'F215', 'IGE RAST - ESPECIFICO', 0, '2018-10-03 13:32:59', '2018-10-03 13:32:59'),
	(604, 'F269', 'IGE RAST - ESPECIFICO', 0, '2018-10-03 13:32:59', '2018-10-03 13:32:59'),
	(605, 'F47', 'IGE RAST - ESPECIFICO', 0, '2018-10-03 13:32:59', '2018-10-03 13:32:59'),
	(606, 'M6', 'IGE RAST - ESPECIFICO', 0, '2018-10-03 13:32:59', '2018-10-03 13:32:59'),
	(607, 'F255', 'IGE RAST - ESPECIFICO', 0, '2018-10-03 13:32:59', '2018-10-03 13:32:59'),
	(608, 'F20', 'IGE RAST - ESPECIFICO', 0, '2018-10-03 13:32:59', '2018-10-03 13:32:59'),
	(609, 'F13', 'IGE RAST - ESPECIFICO', 0, '2018-10-03 13:32:59', '2018-10-03 13:32:59'),
	(610, 'F210', 'IGE RAST - ESPECIFICO', 0, '2018-10-03 13:32:59', '2018-10-03 13:32:59'),
	(611, 'P4', 'IGE RAST - ESPECIFICO', 0, '2018-10-03 13:32:59', '2018-10-03 13:32:59'),
	(612, 'F9', 'IGE RAST - ESPECIFICO', 0, '2018-10-03 13:32:59', '2018-10-03 13:32:59'),
	(613, 'F261', 'IGE RAST - ESPECIFICO', 0, '2018-10-03 13:32:59', '2018-10-03 13:32:59'),
	(614, 'M3', 'IGE RAST - ESPECIFICO', 0, '2018-10-03 13:32:59', '2018-10-03 13:32:59'),
	(615, 'M207', 'IGE RAST - ESPECIFICO', 0, '2018-10-03 13:32:59', '2018-10-03 13:32:59'),
	(616, 'F40', 'IGE RAST - ESPECIFICO', 0, '2018-10-03 13:32:59', '2018-10-03 13:32:59'),
	(617, 'M12', 'IGE RAST - ESPECIFICO', 0, '2018-10-03 13:32:59', '2018-10-03 13:32:59'),
	(618, 'F7', 'IGE RAST - ESPECIFICO', 0, '2018-10-03 13:32:59', '2018-10-03 13:32:59'),
	(619, 'F17', 'IGE RAST - ESPECIFICO', 0, '2018-10-03 13:33:00', '2018-10-03 13:33:00'),
	(620, 'F92', 'IGE RAST - ESPECIFICO', 0, '2018-10-03 13:33:00', '2018-10-03 13:33:00'),
	(621, 'I6', 'IGE RAST - ESPECIFICO', 0, '2018-10-03 13:33:00', '2018-10-03 13:33:00'),
	(622, 'F35', 'IGE RAST - ESPECIFICO', 0, '2018-10-03 13:33:00', '2018-10-03 13:33:00'),
	(623, 'F54', 'IGE RAST - ESPECIFICO', 0, '2018-10-03 13:33:00', '2018-10-03 13:33:00'),
	(624, 'F262', 'IGE RAST - ESPECIFICO', 0, '2018-10-03 13:33:00', '2018-10-03 13:33:00'),
	(625, 'F77', 'IGE RAST - ESPECIFICO', 0, '2018-10-03 13:33:00', '2018-10-03 13:33:00'),
	(626, 'I8', 'IGE RAST - ESPECIFICO', 0, '2018-10-03 13:33:01', '2018-10-03 13:33:01'),
	(627, 'M7', 'IGE RAST - ESPECIFICO', 0, '2018-10-03 13:33:01', '2018-10-03 13:33:01'),
	(628, 'F93', 'IGE RAST - ESPECIFICO', 0, '2018-10-03 13:33:01', '2018-10-03 13:33:01'),
	(629, 'M5', 'IGE RAST - ESPECIFICO', 0, '2018-10-03 13:33:01', '2018-10-03 13:33:01'),
	(630, 'F301', 'IGE RAST - ESPECIFICO', 0, '2018-10-03 13:33:01', '2018-10-03 13:33:01'),
	(631, 'F23', 'IGE RAST - ESPECIFICO', 0, '2018-10-03 13:33:01', '2018-10-03 13:33:01'),
	(632, 'F88', 'IGE RAST - ESPECIFICO', 0, '2018-10-03 13:33:01', '2018-10-03 13:33:01'),
	(633, 'F213', 'IGE RAST - ESPECIFICO', 0, '2018-10-03 13:33:01', '2018-10-03 13:33:01'),
	(634, 'F83', 'IGE RAST - ESPECIFICO', 0, '2018-10-03 13:33:01', '2018-10-03 13:33:01'),
	(635, 'F284', 'IGE RAST - ESPECIFICO', 0, '2018-10-03 13:33:01', '2018-10-03 13:33:01'),
	(636, 'F26', 'IGE RAST - ESPECIFICO', 0, '2018-10-03 13:33:01', '2018-10-03 13:33:01'),
	(637, 'F27', 'IGE RAST - ESPECIFICO', 0, '2018-10-03 13:33:01', '2018-10-03 13:33:01'),
	(638, 'F78', 'IGE RAST - ESPECIFICO', 0, '2018-10-03 13:33:02', '2018-10-03 13:33:02'),
	(639, 'E5', 'IGE RAST - ESPECIFICO', 0, '2018-10-03 13:33:02', '2018-10-03 13:33:02'),
	(640, 'E3', 'IGE RAST - ESPECIFICO', 0, '2018-10-03 13:33:02', '2018-10-03 13:33:02'),
	(641, 'F299', 'IGE RAST - ESPECIFICO', 0, '2018-10-03 13:33:02', '2018-10-03 13:33:02'),
	(642, 'F206', 'IGE RAST - ESPECIFICO', 0, '2018-10-03 13:33:02', '2018-10-03 13:33:02'),
	(643, 'F48', 'IGE RAST - ESPECIFICO', 0, '2018-10-03 13:33:02', '2018-10-03 13:33:02'),
	(644, 'F5', 'IGE RAST - ESPECIFICO', 0, '2018-10-03 13:33:02', '2018-10-03 13:33:02'),
	(645, 'F242', 'IGE RAST - ESPECIFICO', 0, '2018-10-03 13:33:02', '2018-10-03 13:33:02'),
	(646, 'F6', 'IGE RAST - ESPECIFICO', 0, '2018-10-03 13:33:02', '2018-10-03 13:33:02'),
	(647, 'W10', 'IGE RAST - ESPECIFICO', 0, '2018-10-03 13:33:02', '2018-10-03 13:33:02'),
	(648, 'M2', 'IGE RAST - ESPECIFICO', 0, '2018-10-03 13:33:02', '2018-10-03 13:33:02'),
	(649, 'I72', 'IGE RAST - ESPECIFICO', 0, '2018-10-03 13:33:02', '2018-10-03 13:33:02'),
	(650, 'F1', 'IGE RAST - ESPECIFICO', 0, '2018-10-03 13:33:02', '2018-10-03 13:33:02'),
	(651, 'F291', 'IGE RAST - ESPECIFICO', 0, '2018-10-03 13:33:02', '2018-10-03 13:33:02'),
	(652, 'W7', 'IGE RAST - ESPECIFICO', 0, '2018-10-03 13:33:02', '2018-10-03 13:33:02'),
	(653, 'M16', 'IGE RAST - ESPECIFICO', 0, '2018-10-03 13:33:02', '2018-10-03 13:33:02'),
	(654, 'G8', 'IGE RAST - ESPECIFICO', 0, '2018-10-03 13:33:02', '2018-10-03 13:33:02'),
	(655, 'G2', 'IGE RAST - ESPECIFICO', 0, '2018-10-03 13:33:02', '2018-10-03 13:33:02'),
	(656, 'F237', 'IGE RAST - ESPECIFICO', 0, '2018-10-03 13:33:02', '2018-10-03 13:33:02'),
	(657, 'I2', 'IGE RAST - ESPECIFICO', 0, '2018-10-03 13:33:02', '2018-10-03 13:33:02'),
	(658, 'M14', 'IGE RAST - ESPECIFICO', 0, '2018-10-03 13:33:03', '2018-10-03 13:33:03'),
	(659, 'E80', 'IGE RAST - ESPECIFICO', 0, '2018-10-03 13:33:03', '2018-10-03 13:33:03'),
	(660, 'E6', 'IGE RAST - ESPECIFICO', 0, '2018-10-03 13:33:03', '2018-10-03 13:33:03'),
	(661, 'E82', 'IGE RAST - ESPECIFICO', 0, '2018-10-03 13:33:03', '2018-10-03 13:33:03'),
	(662, 'E84', 'IGE RAST - ESPECIFICO', 0, '2018-10-03 13:33:03', '2018-10-03 13:33:03'),
	(663, 'E83', 'IGE RAST - ESPECIFICO', 0, '2018-10-03 13:33:03', '2018-10-03 13:33:03'),
	(664, 'E71', 'IGE RAST - ESPECIFICO', 0, '2018-10-03 13:33:03', '2018-10-03 13:33:03'),
	(665, 'E1', 'IGE RAST - ESPECIFICO', 0, '2018-10-03 13:33:03', '2018-10-03 13:33:03'),
	(666, 'F12', 'IGE RAST - ESPECIFICO', 0, '2018-10-03 13:33:03', '2018-10-03 13:33:03'),
	(667, 'D74', 'IGE RAST - ESPECIFICO', 0, '2018-10-03 13:33:03', '2018-10-03 13:33:03'),
	(668, 'E77', 'IGE RAST - ESPECIFICO', 0, '2018-10-03 13:33:03', '2018-10-03 13:33:03'),
	(669, 'F15', 'IGE RAST - ESPECIFICO', 0, '2018-10-03 13:33:03', '2018-10-03 13:33:03'),
	(670, 'F287', 'IGE RAST - ESPECIFICO', 0, '2018-10-03 13:33:03', '2018-10-03 13:33:03'),
	(671, 'F278', 'IGE RAST - ESPECIFICO', 0, '2018-10-03 13:33:03', '2018-10-03 13:33:03'),
	(672, 'O201', 'IGE RAST - ESPECIFICO', 0, '2018-10-03 13:33:03', '2018-10-03 13:33:03'),
	(673, 'I70', 'IGE RAST - ESPECIFICO', 0, '2018-10-03 13:33:03', '2018-10-03 13:33:03'),
	(674, 'M9', 'IGE RAST - ESPECIFICO', 0, '2018-10-03 13:33:03', '2018-10-03 13:33:03'),
	(675, 'C74', 'IGE RAST - ESPECIFICO', 0, '2018-10-03 13:33:03', '2018-10-03 13:33:03'),
	(676, 'F75', 'IGE RAST - ESPECIFICO', 0, '2018-10-03 13:33:03', '2018-10-03 13:33:03'),
	(677, 'F270', 'IGE RAST - ESPECIFICO', 0, '2018-10-03 13:33:03', '2018-10-03 13:33:03'),
	(678, 'F79', 'IGE RAST - ESPECIFICO', 0, '2018-10-03 13:33:03', '2018-10-03 13:33:03'),
	(679, 'D73', 'IGE RAST - ESPECIFICO', 0, '2018-10-03 13:33:03', '2018-10-03 13:33:03'),
	(680, 'F292', 'IGE RAST - ESPECIFICO', 0, '2018-10-03 13:33:03', '2018-10-03 13:33:03'),
	(681, 'F309', 'IGE RAST - ESPECIFICO', 0, '2018-10-03 13:33:04', '2018-10-03 13:33:04'),
	(682, 'K70', 'IGE RAST - ESPECIFICO', 0, '2018-10-03 13:33:04', '2018-10-03 13:33:04'),
	(683, 'F14', 'IGE RAST - ESPECIFICO', 0, '2018-10-03 13:33:04', '2018-10-03 13:33:04'),
	(684, 'M8', 'IGE RAST - ESPECIFICO', 0, '2018-10-03 13:33:04', '2018-10-03 13:33:04'),
	(685, 'T10', 'IGE RAST - ESPECIFICO', 0, '2018-10-03 13:33:04', '2018-10-03 13:33:04'),
	(686, 'F84', 'IGE RAST - ESPECIFICO', 0, '2018-10-03 13:33:04', '2018-10-03 13:33:04'),
	(687, 'F304', 'IGE RAST - ESPECIFICO', 0, '2018-10-03 13:33:04', '2018-10-03 13:33:04'),
	(688, 'F80', 'IGE RAST - ESPECIFICO', 0, '2018-10-03 13:33:04', '2018-10-03 13:33:04'),
	(689, 'F33', 'IGE RAST - ESPECIFICO', 0, '2018-10-03 13:33:04', '2018-10-03 13:33:04'),
	(690, 'K82', 'IGE RAST - ESPECIFICO', 0, '2018-10-03 13:33:04', '2018-10-03 13:33:04'),
	(691, 'F2', 'IGE RAST - ESPECIFICO', 0, '2018-10-03 13:33:04', '2018-10-03 13:33:04'),
	(692, 'F300', 'IGE RAST - ESPECIFICO', 0, '2018-10-03 13:33:04', '2018-10-03 13:33:04'),
	(693, 'F235', 'IGE RAST - ESPECIFICO', 0, '2018-10-03 13:33:04', '2018-10-03 13:33:04'),
	(694, 'D71', 'IGE RAST - ESPECIFICO', 0, '2018-10-03 13:33:04', '2018-10-03 13:33:04'),
	(695, 'F306', 'IGE RAST - ESPECIFICO', 0, '2018-10-03 13:33:04', '2018-10-03 13:33:04'),
	(696, 'F333', 'IGE RAST - ESPECIFICO', 0, '2018-10-03 13:33:04', '2018-10-03 13:33:04'),
	(697, 'F258', 'IGE RAST - ESPECIFICO', 0, '2018-10-03 13:33:04', '2018-10-03 13:33:04'),
	(698, 'F58', 'IGE RAST - ESPECIFICO', 0, '2018-10-03 13:33:04', '2018-10-03 13:33:04'),
	(699, 'F49', 'IGE RAST - ESPECIFICO', 0, '2018-10-03 13:33:04', '2018-10-03 13:33:04'),
	(700, 'F90', 'IGE RAST - ESPECIFICO', 0, '2018-10-03 13:33:04', '2018-10-03 13:33:04'),
	(701, 'F293', 'IGE RAST - ESPECIFICO', 0, '2018-10-03 13:33:04', '2018-10-03 13:33:04'),
	(702, 'F91', 'IGE RAST - ESPECIFICO', 0, '2018-10-03 13:33:05', '2018-10-03 13:33:05'),
	(703, 'F294', 'IGE RAST - ESPECIFICO', 0, '2018-10-03 13:33:05', '2018-10-03 13:33:05'),
	(704, 'F247', 'IGE RAST - ESPECIFICO', 0, '2018-10-03 13:33:05', '2018-10-03 13:33:05'),
	(705, 'F87', 'IGE RAST - ESPECIFICO', 0, '2018-10-03 13:33:05', '2018-10-03 13:33:05'),
	(706, 'F37', 'IGE RAST - ESPECIFICO', 0, '2018-10-03 13:33:05', '2018-10-03 13:33:05'),
	(707, 'F8', 'IGE RAST - ESPECIFICO', 0, '2018-10-03 13:33:05', '2018-10-03 13:33:05'),
	(708, 'F57', 'IGE RAST - ESPECIFICO', 0, '2018-10-03 13:33:05', '2018-10-03 13:33:05'),
	(709, 'F44', 'IGE RAST - ESPECIFICO', 0, '2018-10-03 13:33:05', '2018-10-03 13:33:05'),
	(710, 'F89', 'IGE RAST - ESPECIFICO', 0, '2018-10-03 13:33:05', '2018-10-03 13:33:05'),
	(711, 'M4', 'IGE RAST - ESPECIFICO', 0, '2018-10-03 13:33:05', '2018-10-03 13:33:05'),
	(712, 'F416', 'IGE RAST - ESPECIFICO', 0, '2018-10-03 13:33:05', '2018-10-03 13:33:05'),
	(713, 'F290', 'IGE RAST - ESPECIFICO', 0, '2018-10-03 13:33:05', '2018-10-03 13:33:05'),
	(714, 'F233', 'IGE RAST - ESPECIFICO', 0, '2018-10-03 13:33:05', '2018-10-03 13:33:05'),
	(715, 'C209', 'IGE RAST - ESPECIFICO', 0, '2018-10-03 13:33:05', '2018-10-03 13:33:05'),
	(716, 'F355', 'IGE RAST - ESPECIFICO', 0, '2018-10-03 13:33:05', '2018-10-03 13:33:05'),
	(717, 'G17', 'IGE RAST - ESPECIFICO', 0, '2018-10-03 13:33:05', '2018-10-03 13:33:05'),
	(718, 'F414', 'IGE RAST - ESPECIFICO', 0, '2018-10-03 13:33:05', '2018-10-03 13:33:05'),
	(719, 'F3', 'IGE RAST - ESPECIFICO', 0, '2018-10-03 13:33:05', '2018-10-03 13:33:05'),
	(720, 'F312', 'IGE RAST - ESPECIFICO', 0, '2018-10-03 13:33:05', '2018-10-03 13:33:05'),
	(721, 'F311', 'IGE RAST - ESPECIFICO', 0, '2018-10-03 13:33:05', '2018-10-03 13:33:05'),
	(722, 'E4', 'IGE RAST - ESPECIFICO', 0, '2018-10-03 13:33:05', '2018-10-03 13:33:05'),
	(723, 'E201', 'IGE RAST - ESPECIFICO', 0, '2018-10-03 13:33:06', '2018-10-03 13:33:06'),
	(724, 'E85', 'IGE RAST - ESPECIFICO', 0, '2018-10-03 13:33:06', '2018-10-03 13:33:06'),
	(725, 'E213', 'IGE RAST - ESPECIFICO', 0, '2018-10-03 13:33:06', '2018-10-03 13:33:06'),
	(726, 'E78', 'IGE RAST - ESPECIFICO', 0, '2018-10-03 13:33:06', '2018-10-03 13:33:06'),
	(727, 'C1', 'IGE RAST - ESPECIFICO', 0, '2018-10-03 13:33:06', '2018-10-03 13:33:06'),
	(728, 'C2', 'IGE RAST - ESPECIFICO', 0, '2018-10-03 13:33:06', '2018-10-03 13:33:06'),
	(729, 'F244', 'IGE RAST - ESPECIFICO', 0, '2018-10-03 13:33:06', '2018-10-03 13:33:06'),
	(730, 'F94', 'IGE RAST - ESPECIFICO', 0, '2018-10-03 13:33:06', '2018-10-03 13:33:06'),
	(731, 'I71', 'IGE RAST - ESPECIFICO', 0, '2018-10-03 13:33:06', '2018-10-03 13:33:06'),
	(732, 'F95', 'IGE RAST - ESPECIFICO', 0, '2018-10-03 13:33:06', '2018-10-03 13:33:06'),
	(733, 'M13', 'IGE RAST - ESPECIFICO', 0, '2018-10-03 13:33:06', '2018-10-03 13:33:06'),
	(734, 'F279', 'IGE RAST - ESPECIFICO', 0, '2018-10-03 13:33:06', '2018-10-03 13:33:06'),
	(735, 'F280', 'IGE RAST - ESPECIFICO', 0, '2018-10-03 13:33:06', '2018-10-03 13:33:06'),
	(736, 'F263', 'IGE RAST - ESPECIFICO', 0, '2018-10-03 13:33:06', '2018-10-03 13:33:06'),
	(737, 'F218', 'IGE RAST - ESPECIFICO', 0, '2018-10-03 13:33:06', '2018-10-03 13:33:06'),
	(738, 'C304', 'IGE RAST - ESPECIFICO', 0, '2018-10-03 13:33:06', '2018-10-03 13:33:06'),
	(739, 'F203', 'IGE RAST - ESPECIFICO', 0, '2018-10-03 13:33:06', '2018-10-03 13:33:06'),
	(740, 'M70', 'IGE RAST - ESPECIFICO', 0, '2018-10-03 13:33:06', '2018-10-03 13:33:06'),
	(741, 'T11', 'IGE RAST - ESPECIFICO', 0, '2018-10-03 13:33:06', '2018-10-03 13:33:06'),
	(742, 'H1', 'IGE RAST - ESPECIFICO', 0, '2018-10-03 13:33:06', '2018-10-03 13:33:06'),
	(743, 'H2', 'IGE RAST - ESPECIFICO', 0, '2018-10-03 13:33:06', '2018-10-03 13:33:06'),
	(744, 'F59', 'IGE RAST - ESPECIFICO', 0, '2018-10-03 13:33:06', '2018-10-03 13:33:06'),
	(745, 'E79', 'IGE RAST - ESPECIFICO', 0, '2018-10-03 13:33:06', '2018-10-03 13:33:06'),
	(746, 'E76', 'IGE RAST - ESPECIFICO', 0, '2018-10-03 13:33:06', '2018-10-03 13:33:06'),
	(747, 'F81', 'IGE RAST - ESPECIFICO', 0, '2018-10-03 13:33:07', '2018-10-03 13:33:07'),
	(748, 'F82', 'IGE RAST - ESPECIFICO', 0, '2018-10-03 13:33:07', '2018-10-03 13:33:07'),
	(749, 'F216', 'IGE RAST - ESPECIFICO', 0, '2018-10-03 13:33:07', '2018-10-03 13:33:07'),
	(750, 'M11', 'IGE RAST - ESPECIFICO', 0, '2018-10-03 13:33:07', '2018-10-03 13:33:07'),
	(751, 'F41', 'IGE RAST - ESPECIFICO', 0, '2018-10-03 13:33:07', '2018-10-03 13:33:07'),
	(752, 'F86', 'IGE RAST - ESPECIFICO', 0, '2018-10-03 13:33:07', '2018-10-03 13:33:07'),
	(753, 'F314', 'IGE RAST - ESPECIFICO', 0, '2018-10-03 13:33:07', '2018-10-03 13:33:07'),
	(754, 'F10', 'IGE RAST - ESPECIFICO', 0, '2018-10-03 13:33:07', '2018-10-03 13:33:07'),
	(755, 'K71', 'IGE RAST - ESPECIFICO', 0, '2018-10-03 13:33:07', '2018-10-03 13:33:07'),
	(756, 'F254', 'IGE RAST - ESPECIFICO', 0, '2018-10-03 13:33:07', '2018-10-03 13:33:07'),
	(757, 'W12', 'IGE RAST - ESPECIFICO', 0, '2018-10-03 13:33:07', '2018-10-03 13:33:07'),
	(758, 'G10', 'IGE RAST - ESPECIFICO', 0, '2018-10-03 13:33:07', '2018-10-03 13:33:07'),
	(759, 'M10', 'IGE RAST - ESPECIFICO', 0, '2018-10-03 13:33:07', '2018-10-03 13:33:07'),
	(760, 'C202', 'IGE RAST - ESPECIFICO', 0, '2018-10-03 13:33:07', '2018-10-03 13:33:07'),
	(761, 'F302', 'IGE RAST - ESPECIFICO', 0, '2018-10-03 13:33:07', '2018-10-03 13:33:07'),
	(762, 'W8', 'IGE RAST - ESPECIFICO', 0, '2018-10-03 13:33:07', '2018-10-03 13:33:07'),
	(763, 'C279', 'IGE RAST - ESPECIFICO', 0, '2018-10-03 13:33:07', '2018-10-03 13:33:07'),
	(764, 'F25', 'IGE RAST - ESPECIFICO', 0, '2018-10-03 13:33:08', '2018-10-03 13:33:08'),
	(765, 'I76', 'IGE RAST - ESPECIFICO', 0, '2018-10-03 13:33:08', '2018-10-03 13:33:08'),
	(766, 'M15', 'IGE RAST - ESPECIFICO', 0, '2018-10-03 13:33:08', '2018-10-03 13:33:08'),
	(767, 'F4', 'IGE RAST - ESPECIFICO', 0, '2018-10-03 13:33:08', '2018-10-03 13:33:08'),
	(768, 'F11', 'IGE RAST - ESPECIFICO', 0, '2018-10-03 13:33:08', '2018-10-03 13:33:08'),
	(769, 'F204', 'IGE RAST - ESPECIFICO', 0, '2018-10-03 13:33:08', '2018-10-03 13:33:08'),
	(770, 'M205', 'IGE RAST - ESPECIFICO', 0, '2018-10-03 13:33:08', '2018-10-03 13:33:08'),
	(771, 'D72', 'IGE RAST - ESPECIFICO', 0, '2018-10-03 13:33:08', '2018-10-03 13:33:08'),
	(772, 'F259', 'IGE RAST - ESPECIFICO', 0, '2018-10-03 13:33:08', '2018-10-03 13:33:08'),
	(773, 'F315', 'IGE RAST - ESPECIFICO', 0, '2018-10-03 13:33:08', '2018-10-03 13:33:08'),
	(774, 'I1', 'IGE RAST - ESPECIFICO', 0, '2018-10-03 13:33:08', '2018-10-03 13:33:08'),
	(775, 'I4', 'IGE RAST - ESPECIFICO', 0, '2018-10-03 13:33:08', '2018-10-03 13:33:08'),
	(776, 'I3', 'IGE RAST - ESPECIFICO', 0, '2018-10-03 13:33:08', '2018-10-03 13:33:08'),
	(777, 'I75', 'IGE RAST - ESPECIFICO', 0, '2018-10-03 13:33:08', '2018-10-03 13:33:08'),
	(778, 'E89', 'IGE RAST - ESPECIFIFO PARA', 0, '2018-10-03 13:33:08', '2018-10-03 13:33:08'),
	(779, 'AZITR', 'IGE RAST - IGE ESPECIFICO', 0, '2018-10-03 13:33:08', '2018-10-03 13:33:08'),
	(780, 'F31', 'IGE RAST - IGE ESPECIFICO', 0, '2018-10-03 13:33:08', '2018-10-03 13:33:08'),
	(781, 'F45', 'IGE RAST - IGE ESPECIFICO', 0, '2018-10-03 13:33:08', '2018-10-03 13:33:08'),
	(782, 'F329', 'IGE RAST - IGE ESPECIFICO', 0, '2018-10-03 13:33:08', '2018-10-03 13:33:08'),
	(783, 'F307', 'IGE RAST - IGE ESPECIFICO', 0, '2018-10-03 13:33:08', '2018-10-03 13:33:08'),
	(784, 'W9', 'IGE RAST - IGE ESPECIFICO', 0, '2018-10-03 13:33:08', '2018-10-03 13:33:08'),
	(785, 'I204', 'IGE RAST - IGE ESPECIFICO', 0, '2018-10-03 13:33:09', '2018-10-03 13:33:09'),
	(786, 'C312', 'IGE RAST - LACTOSE (C312)', 0, '2018-10-03 13:33:09', '2018-10-03 13:33:09'),
	(787, 'EX2', 'IGE RAST - MULTIPLO (EX2)', 0, '2018-10-03 13:33:09', '2018-10-03 13:33:09'),
	(788, 'EX71', 'IGE RAST - MULTIPLO (EX71)', 0, '2018-10-03 13:33:09', '2018-10-03 13:33:09'),
	(789, 'FX5', 'IGE RAST - MULTIPLO (FX5)', 0, '2018-10-03 13:33:09', '2018-10-03 13:33:09'),
	(790, 'FX7', 'IGE RAST - MULTIPLO (FX7)', 0, '2018-10-03 13:33:09', '2018-10-03 13:33:09'),
	(791, 'GX2', 'IGE RAST - MULTIPLO (GX2)', 0, '2018-10-03 13:33:09', '2018-10-03 13:33:09'),
	(792, 'GX3', 'IGE RAST - MULTIPLO (GX3)', 0, '2018-10-03 13:33:09', '2018-10-03 13:33:09'),
	(793, 'GX4', 'IGE RAST - MULTIPLO (GX4)', 0, '2018-10-03 13:33:09', '2018-10-03 13:33:09'),
	(794, 'HX2', 'IGE RAST - MULTIPLO (HX2)', 0, '2018-10-03 13:33:09', '2018-10-03 13:33:09'),
	(795, 'TX1', 'IGE RAST - MULTIPLO (TX1)', 0, '2018-10-03 13:33:09', '2018-10-03 13:33:09'),
	(796, 'FX3', 'IGE RAST - MULTIPLO', 0, '2018-10-03 13:33:09', '2018-10-03 13:33:09'),
	(797, 'FX2', 'IGE RAST - MULTIPLO', 0, '2018-10-03 13:33:09', '2018-10-03 13:33:09'),
	(798, 'MX1', 'IGE RAST - MULTIPLO', 0, '2018-10-03 13:33:09', '2018-10-03 13:33:09'),
	(799, 'FX74', 'IGE RAST - MULTIPLO PARA', 0, '2018-10-03 13:33:09', '2018-10-03 13:33:09'),
	(800, 'FX8', 'IGE RAST - MULTIPLO PARA', 0, '2018-10-03 13:33:09', '2018-10-03 13:33:09'),
	(801, 'FX9', 'IGE RAST - MULTIPLO PARA', 0, '2018-10-03 13:33:09', '2018-10-03 13:33:09'),
	(802, 'C201', 'IGE RAST - MULTIPLO PARA', 0, '2018-10-03 13:33:09', '2018-10-03 13:33:09'),
	(803, 'EX1', 'IGE RAST - MULTIPLO PARA', 0, '2018-10-03 13:33:10', '2018-10-03 13:33:10'),
	(804, 'EX70', 'IGE RAST - MULTIPLO PARA', 0, '2018-10-03 13:33:10', '2018-10-03 13:33:10'),
	(805, 'EX73', 'IGE RAST - MULTIPLO PARA', 0, '2018-10-03 13:33:10', '2018-10-03 13:33:10'),
	(806, 'FX12', 'IGE RAST - MULTIPLO PARA', 0, '2018-10-03 13:33:10', '2018-10-03 13:33:10'),
	(807, 'FX13', 'IGE RAST - MULTIPLO PARA', 0, '2018-10-03 13:33:10', '2018-10-03 13:33:10'),
	(808, 'FX15', 'IGE RAST - MULTIPLO PARA', 0, '2018-10-03 13:33:10', '2018-10-03 13:33:10'),
	(809, 'FX16', 'IGE RAST - MULTIPLO PARA', 0, '2018-10-03 13:33:10', '2018-10-03 13:33:10'),
	(810, 'FX18', 'IGE RAST - MULTIPLO PARA', 0, '2018-10-03 13:33:10', '2018-10-03 13:33:10'),
	(811, 'FX20', 'IGE RAST - MULTIPLO PARA', 0, '2018-10-03 13:33:10', '2018-10-03 13:33:10'),
	(812, 'FX25', 'IGE RAST - MULTIPLO PARA', 0, '2018-10-03 13:33:10', '2018-10-03 13:33:10'),
	(813, 'TX2', 'IGE RAST - MULTIPLO PARA', 0, '2018-10-03 13:33:10', '2018-10-03 13:33:10'),
	(814, 'TX3', 'IGE RAST - MULTIPLO PARA', 0, '2018-10-03 13:33:10', '2018-10-03 13:33:10'),
	(815, 'TX4', 'IGE RAST - MULTIPLO PARA', 0, '2018-10-03 13:33:10', '2018-10-03 13:33:10'),
	(816, 'TX5', 'IGE RAST - MULTIPLO PARA', 0, '2018-10-03 13:33:10', '2018-10-03 13:33:10'),
	(817, 'TX6', 'IGE RAST - MULTIPLO PARA', 0, '2018-10-03 13:33:10', '2018-10-03 13:33:10'),
	(818, 'TX8', 'IGE RAST - MULTIPLO PARA', 0, '2018-10-03 13:33:10', '2018-10-03 13:33:10'),
	(819, 'TX9', 'IGE RAST - MULTIPLO PARA', 0, '2018-10-03 13:33:10', '2018-10-03 13:33:10'),
	(820, 'WX1', 'IGE RAST - MULTIPLO PARA', 0, '2018-10-03 13:33:10', '2018-10-03 13:33:10'),
	(821, 'WX2', 'IGE RAST - MULTIPLO PARA', 0, '2018-10-03 13:33:10', '2018-10-03 13:33:10'),
	(822, 'WX3', 'IGE RAST - MULTIPLO PARA', 0, '2018-10-03 13:33:11', '2018-10-03 13:33:11'),
	(823, 'WX5', 'IGE RAST - MULTIPLO PARA', 0, '2018-10-03 13:33:11', '2018-10-03 13:33:11'),
	(824, 'WX6', 'IGE RAST - MULTIPLO PARA', 0, '2018-10-03 13:33:11', '2018-10-03 13:33:11'),
	(825, 'WX7', 'IGE RAST - MULTIPLO PARA', 0, '2018-10-03 13:33:11', '2018-10-03 13:33:11'),
	(826, 'FX1', 'IGE RAST - MULTIPLO', 0, '2018-10-03 13:33:11', '2018-10-03 13:33:11'),
	(827, 'I73', 'IGE RAST - PARA', 0, '2018-10-03 13:33:11', '2018-10-03 13:33:11'),
	(828, 'R02', 'IGE RAST - PELO DE CÃO', 0, '2018-10-03 13:33:11', '2018-10-03 13:33:11'),
	(829, 'INAL', 'IGE RAST - PHADIATOP', 0, '2018-10-03 13:33:11', '2018-10-03 13:33:11'),
	(830, 'TX7', 'IGE RAST - POLENS DE', 0, '2018-10-03 13:33:11', '2018-10-03 13:33:11'),
	(831, 'F61', 'IGE RAST - SARDINHA (F61)', 0, '2018-10-03 13:33:11', '2018-10-03 13:33:11'),
	(832, 'F18', 'IGE RAST - SPECIFICO PARA', 0, '2018-10-03 13:33:11', '2018-10-03 13:33:11'),
	(833, 'F342', 'IGE RAST -ESPECIFICO PARA', 0, '2018-10-03 13:33:11', '2018-10-03 13:33:11'),
	(834, 'F319', 'IGE RAST -ESPECIFICO PARA', 0, '2018-10-03 13:33:11', '2018-10-03 13:33:11'),
	(835, 'F24', 'IGE RAST -ESPECIFICO PARA', 0, '2018-10-03 13:33:11', '2018-10-03 13:33:11'),
	(836, 'F212', 'IGE RAST -ESPECIFICO PARA', 0, '2018-10-03 13:33:11', '2018-10-03 13:33:11'),
	(837, 'F245', 'IGE RAST -ESPECIFICO PARA', 0, '2018-10-03 13:33:11', '2018-10-03 13:33:11'),
	(838, 'C296', 'IGE RAST -IGE ESPECIFICO -', 0, '2018-10-03 13:33:11', '2018-10-03 13:33:11'),
	(839, 'IGFB3', 'IGF BP3 PROTEINA', 0, '2018-10-03 13:33:11', '2018-10-03 13:33:11'),
	(840, 'SMC', 'IGF-1 - SOMATOMEDINA C', 0, '2018-10-03 13:33:11', '2018-10-03 13:33:11'),
	(841, 'IGFB1', 'IGFBP1', 0, '2018-10-03 13:33:12', '2018-10-03 13:33:12'),
	(842, 'IGFB2', 'IGFBP2', 0, '2018-10-03 13:33:12', '2018-10-03 13:33:12'),
	(843, 'IGG', 'IGG - IMUNOGLOBULINA G', 0, '2018-10-03 13:33:12', '2018-10-03 13:33:12'),
	(844, 'IGM', 'IGM - IMUNOGLOBULINA M', 0, '2018-10-03 13:33:12', '2018-10-03 13:33:12'),
	(845, 'IMS', 'IMUNOFIXACAO (SANGUE)', 0, '2018-10-03 13:33:12', '2018-10-03 13:33:12'),
	(846, 'STRAN', 'INDICE DE SATURACAO DA', 0, '2018-10-03 13:33:12', '2018-10-03 13:33:12'),
	(847, 'ITL', 'INDICE DE TIROXINA LIVRE', 0, '2018-10-03 13:33:12', '2018-10-03 13:33:12'),
	(848, 'HOMA', 'INDICE HOMA', 0, '2018-10-03 13:33:12', '2018-10-03 13:33:12'),
	(849, 'IN', 'INSULINA', 0, '2018-10-03 13:33:12', '2018-10-03 13:33:12'),
	(850, 'ALDOB', 'INTOLERANCIA A FRUTOSE', 0, '2018-10-03 13:33:12', '2018-10-03 13:33:12'),
	(851, 'AJOE', 'JO-1, AUTO ANTICORPOS', 0, '2018-10-03 13:33:12', '2018-10-03 13:33:12'),
	(852, 'LACTO', 'LACTOSE', 0, '2018-10-03 13:33:12', '2018-10-03 13:33:12'),
	(853, 'LEPTG', 'LEPTOSPIROSE IGG', 0, '2018-10-03 13:33:12', '2018-10-03 13:33:12'),
	(854, 'LEPTM', 'LEPTOSPIROSE IGM', 0, '2018-10-03 13:33:12', '2018-10-03 13:33:12'),
	(855, 'LIPA', 'LIPASE', 0, '2018-10-03 13:33:12', '2018-10-03 13:33:12'),
	(856, 'LP', 'LIPOPROTEINA A', 0, '2018-10-03 13:33:12', '2018-10-03 13:33:12'),
	(857, 'LIST', 'LISTERIOSE', 0, '2018-10-03 13:33:12', '2018-10-03 13:33:12'),
	(858, 'LIT', 'LITIO', 0, '2018-10-03 13:33:12', '2018-10-03 13:33:12'),
	(859, 'MACRO', 'MACROPROLACTINA', 0, '2018-10-03 13:33:13', '2018-10-03 13:33:13'),
	(860, 'MANGA', 'MANGANES (SANGUE)', 0, '2018-10-03 13:33:13', '2018-10-03 13:33:13'),
	(861, 'MER', 'MERCURIO (SANGUE)', 0, '2018-10-03 13:33:13', '2018-10-03 13:33:13'),
	(862, 'MERCU', 'MERCURIO (URINA)', 0, '2018-10-03 13:33:13', '2018-10-03 13:33:13'),
	(863, 'META', 'METAHEMOGLOBINA', 0, '2018-10-03 13:33:13', '2018-10-03 13:33:13'),
	(864, 'METAU', 'METANEFRINAS URINARIAS', 0, '2018-10-03 13:33:13', '2018-10-03 13:33:13'),
	(865, 'MET', 'METANOL (SANGUE)', 0, '2018-10-03 13:33:13', '2018-10-03 13:33:13'),
	(866, 'METU', 'METANOL (URINA)', 0, '2018-10-03 13:33:13', '2018-10-03 13:33:13'),
	(867, 'MTG', 'MICOBACTERIUM', 0, '2018-10-03 13:33:13', '2018-10-03 13:33:13'),
	(868, 'MTM', 'MICOBACTERIUM', 0, '2018-10-03 13:33:13', '2018-10-03 13:33:13'),
	(869, 'MICD', 'MICOLOGICO DIRETO', 0, '2018-10-03 13:33:13', '2018-10-03 13:33:13'),
	(870, 'MIC10', 'MICOLOGICO DIRETO 10ª', 0, '2018-10-03 13:33:13', '2018-10-03 13:33:13'),
	(871, 'MIC11', 'MICOLOGICO DIRETO 11ª', 0, '2018-10-03 13:33:13', '2018-10-03 13:33:13'),
	(872, 'MIC12', 'MICOLOGICO DIRETO 12ª', 0, '2018-10-03 13:33:13', '2018-10-03 13:33:13'),
	(873, 'MIC13', 'MICOLOGICO DIRETO 13ª', 0, '2018-10-03 13:33:14', '2018-10-03 13:33:14'),
	(874, 'MIC14', 'MICOLOGICO DIRETO 14ª', 0, '2018-10-03 13:33:14', '2018-10-03 13:33:14'),
	(875, 'MIC15', 'MICOLOGICO DIRETO 15ª', 0, '2018-10-03 13:33:14', '2018-10-03 13:33:14'),
	(876, 'MIC16', 'MICOLOGICO DIRETO 16ª', 0, '2018-10-03 13:33:14', '2018-10-03 13:33:14'),
	(877, 'MIC17', 'MICOLOGICO DIRETO 17ª', 0, '2018-10-03 13:33:14', '2018-10-03 13:33:14'),
	(878, 'MIC18', 'MICOLOGICO DIRETO 18ª', 0, '2018-10-03 13:33:14', '2018-10-03 13:33:14'),
	(879, 'MIC19', 'MICOLOGICO DIRETO 19ª', 0, '2018-10-03 13:33:14', '2018-10-03 13:33:14'),
	(880, 'MIC1', 'MICOLOGICO DIRETO 1ª', 0, '2018-10-03 13:33:14', '2018-10-03 13:33:14'),
	(881, 'MIC20', 'MICOLOGICO DIRETO 20ª', 0, '2018-10-03 13:33:14', '2018-10-03 13:33:14'),
	(882, 'MIC2', 'MICOLOGICO DIRETO 2ª', 0, '2018-10-03 13:33:14', '2018-10-03 13:33:14'),
	(883, 'MIC3', 'MICOLOGICO DIRETO 3ª', 0, '2018-10-03 13:33:14', '2018-10-03 13:33:14'),
	(884, 'MIC4', 'MICOLOGICO DIRETO 4ª', 0, '2018-10-03 13:33:14', '2018-10-03 13:33:14'),
	(885, 'MIC5', 'MICOLOGICO DIRETO 5ª', 0, '2018-10-03 13:33:14', '2018-10-03 13:33:14'),
	(886, 'MIC6', 'MICOLOGICO DIRETO 6ª', 0, '2018-10-03 13:33:15', '2018-10-03 13:33:15'),
	(887, 'MIC7', 'MICOLOGICO DIRETO 7ª', 0, '2018-10-03 13:33:15', '2018-10-03 13:33:15'),
	(888, 'MIC8', 'MICOLOGICO DIRETO 8ª', 0, '2018-10-03 13:33:15', '2018-10-03 13:33:15'),
	(889, 'MIC9', 'MICOLOGICO DIRETO 9ª', 0, '2018-10-03 13:33:15', '2018-10-03 13:33:15'),
	(890, 'MICOG', 'MICOPLASMA PNEUMONIAE', 0, '2018-10-03 13:33:15', '2018-10-03 13:33:15'),
	(891, 'MICOM', 'MICOPLASMA PNEUMONIAE', 0, '2018-10-03 13:33:15', '2018-10-03 13:33:15'),
	(892, 'MIG', 'MINERALOGRAMA', 0, '2018-10-03 13:33:15', '2018-10-03 13:33:15'),
	(893, 'MIO', 'MIOGLOBINA (SANGUE)', 0, '2018-10-03 13:33:15', '2018-10-03 13:33:15'),
	(894, 'MONO', 'MONONUCLEOSE', 0, '2018-10-03 13:33:15', '2018-10-03 13:33:15'),
	(895, 'MU', 'MUCOPROTEINAS / ALFA1', 0, '2018-10-03 13:33:15', '2018-10-03 13:33:15'),
	(896, 'NTX', 'N-TELOPEPTIDEO - NTX', 0, '2018-10-03 13:33:15', '2018-10-03 13:33:15'),
	(897, 'NI', 'NIQUEL (URINA)', 0, '2018-10-03 13:33:15', '2018-10-03 13:33:15'),
	(898, 'BNP', 'NT PROBNP - PEPTIDEO', 0, '2018-10-03 13:33:15', '2018-10-03 13:33:15'),
	(899, 'OSMOL', 'OSMOLALIDADE (SANGUE)', 0, '2018-10-03 13:33:15', '2018-10-03 13:33:15'),
	(900, 'OSTE', 'OSTEOCALCINA', 0, '2018-10-03 13:33:15', '2018-10-03 13:33:15'),
	(901, 'PTH', 'PARATORMONIO PTH', 0, '2018-10-03 13:33:15', '2018-10-03 13:33:15'),
	(902, 'PEPC', 'PEPTIDEO C', 0, '2018-10-03 13:33:15', '2018-10-03 13:33:15'),
	(903, 'SOROB', 'PERFIL DE EXAMES HEPATITE', 0, '2018-10-03 13:33:15', '2018-10-03 13:33:15'),
	(904, 'SIFIL', 'PERFIL DE EXAMES SIFILIS', 0, '2018-10-03 13:33:16', '2018-10-03 13:33:16'),
	(905, 'CLAI', 'PESQUISA DE CLAMIDIA', 0, '2018-10-03 13:33:16', '2018-10-03 13:33:16'),
	(906, 'CPT', 'PESQUISA DE', 0, '2018-10-03 13:33:16', '2018-10-03 13:33:16'),
	(907, 'PORFD', 'PORFIRINAS, DOSAGEM', 0, '2018-10-03 13:33:16', '2018-10-03 13:33:16'),
	(908, 'PORFI', 'PORFIRINAS, PESQUISA', 0, '2018-10-03 13:33:16', '2018-10-03 13:33:16'),
	(909, 'PORF', 'PORFOBILINOGENIO (URINA)', 0, '2018-10-03 13:33:16', '2018-10-03 13:33:16'),
	(910, 'KU', 'POTASSIO (URINA-24H)', 0, '2018-10-03 13:33:16', '2018-10-03 13:33:16'),
	(911, 'PRIMI', 'PRIMIDONA', 0, '2018-10-03 13:33:16', '2018-10-03 13:33:16'),
	(912, 'PCANT', 'PROTEINA C ANTIGENICA', 0, '2018-10-03 13:33:16', '2018-10-03 13:33:16'),
	(913, 'PCRQ', 'PROTEINA C REATIVA', 0, '2018-10-03 13:33:16', '2018-10-03 13:33:16'),
	(914, 'PCRU', 'PROTEINA C REATIVA', 0, '2018-10-03 13:33:16', '2018-10-03 13:33:16'),
	(915, 'PBJ', 'PROTEINA DE BENCE JONES', 0, '2018-10-03 13:33:16', '2018-10-03 13:33:16'),
	(916, 'FRU', 'PROTEINA GLICOSILADA', 0, '2018-10-03 13:33:16', '2018-10-03 13:33:16'),
	(917, 'PRTSF', 'PROTEINA S FUNCIONAL', 0, '2018-10-03 13:33:16', '2018-10-03 13:33:16'),
	(918, 'PROTZ', 'PROTOPORFIRINA ZN', 0, '2018-10-03 13:33:16', '2018-10-03 13:33:16'),
	(919, 'FALC', 'PROVA FALCIZACAO DE', 0, '2018-10-03 13:33:16', '2018-10-03 13:33:16'),
	(920, 'WIN', 'REACAO DE WIDAL', 0, '2018-10-03 13:33:16', '2018-10-03 13:33:16'),
	(921, 'RE', 'RENINA', 0, '2018-10-03 13:33:16', '2018-10-03 13:33:16'),
	(922, 'RVG', 'ROTAVIRUS ANTICORPOS', 0, '2018-10-03 13:33:16', '2018-10-03 13:33:16'),
	(923, 'RVM', 'ROTAVIRUS ANTICORPOS', 0, '2018-10-03 13:33:16', '2018-10-03 13:33:16'),
	(924, 'RUBAV', 'RUBEOLA - TESTE DE AVIDEZ', 0, '2018-10-03 13:33:16', '2018-10-03 13:33:16'),
	(925, 'RUBEG', 'RUBEOLA IGG, ANTICORPOS', 0, '2018-10-03 13:33:17', '2018-10-03 13:33:17'),
	(926, 'RUBEM', 'RUBEOLA IGM, ANTICORPOS', 0, '2018-10-03 13:33:17', '2018-10-03 13:33:17'),
	(927, 'AVIR', 'RUBÉOLA TESTE DE AVIDEZ', 0, '2018-10-03 13:33:17', '2018-10-03 13:33:17'),
	(928, 'SARG', 'SARAMPO ANTICORPOS IGG', 0, '2018-10-03 13:33:17', '2018-10-03 13:33:17'),
	(929, 'SARM', 'SARAMPO ANTICORPOS IGM', 0, '2018-10-03 13:33:17', '2018-10-03 13:33:17'),
	(930, 'SEROS', 'SEROTONINA', 0, '2018-10-03 13:33:17', '2018-10-03 13:33:17'),
	(931, 'SHBG', 'SHBG - GLOBULINA', 0, '2018-10-03 13:33:17', '2018-10-03 13:33:17'),
	(932, 'NAUR', 'SODIO URINARIO', 0, '2018-10-03 13:33:17', '2018-10-03 13:33:17'),
	(933, 'NAU24', 'SODIO URINARIO (URINA', 0, '2018-10-03 13:33:17', '2018-10-03 13:33:17'),
	(934, 'IGG1', 'SUBCLASSE DE IGG1', 0, '2018-10-03 13:33:17', '2018-10-03 13:33:17'),
	(935, 'IGG2', 'SUBCLASSE DE IGG2', 0, '2018-10-03 13:33:17', '2018-10-03 13:33:17'),
	(936, 'IGG3', 'SUBCLASSE DE IGG3', 0, '2018-10-03 13:33:17', '2018-10-03 13:33:17'),
	(937, 'IGG4', 'SUBCLASSE DE IGG4', 0, '2018-10-03 13:33:17', '2018-10-03 13:33:17'),
	(938, 'SUBR', 'SUBSTANCIAS REDUTORAS', 0, '2018-10-03 13:33:17', '2018-10-03 13:33:17'),
	(939, 'SDHEA', 'SULFATO DE', 0, '2018-10-03 13:33:17', '2018-10-03 13:33:17'),
	(940, 'T3R', 'T3 REVERSO', 0, '2018-10-03 13:33:17', '2018-10-03 13:33:17'),
	(941, 'T3L', 'T3 TRIIODOTIRONINA LIVRE', 0, '2018-10-03 13:33:17', '2018-10-03 13:33:17'),
	(942, 'T4LD', 'T4 LIVRE POR DIALISE', 0, '2018-10-03 13:33:17', '2018-10-03 13:33:17'),
	(943, 'TACR', 'TACROLIMUS', 0, '2018-10-03 13:33:17', '2018-10-03 13:33:17'),
	(944, 'TBG', 'TBG - GLOBULINA LIGADORA', 0, '2018-10-03 13:33:17', '2018-10-03 13:33:17'),
	(945, 'CTEL', 'TELOPEPTIDEO C', 0, '2018-10-03 13:33:17', '2018-10-03 13:33:17'),
	(946, 'TT', 'TEMPO DE TROMBINA (TT)', 0, '2018-10-03 13:33:18', '2018-10-03 13:33:18'),
	(947, 'TEO', 'TEOFILINA AMINOFILINA', 0, '2018-10-03 13:33:18', '2018-10-03 13:33:18'),
	(948, 'CINS', 'TESTE DE TOLERANCIA E', 0, '2018-10-03 13:33:18', '2018-10-03 13:33:18'),
	(949, 'TBIOD', 'TESTOSTERONA', 0, '2018-10-03 13:33:18', '2018-10-03 13:33:18'),
	(950, 'TIREO', 'TIREOGLOBULINA', 0, '2018-10-03 13:33:18', '2018-10-03 13:33:18'),
	(951, 'TOP', 'TOPIRAMATO', 0, '2018-10-03 13:33:18', '2018-10-03 13:33:18'),
	(952, 'TXM', 'TOXOCARA, ANTICORPOS', 0, '2018-10-03 13:33:18', '2018-10-03 13:33:18'),
	(953, 'TOXOG', 'TOXOPLASMOSE IGG,', 0, '2018-10-03 13:33:18', '2018-10-03 13:33:18'),
	(954, 'TOXOM', 'TOXOPLASMOSE IGM,', 0, '2018-10-03 13:33:18', '2018-10-03 13:33:18'),
	(955, 'TTA', 'TOXOPLASMOSE TESTE DE', 0, '2018-10-03 13:33:18', '2018-10-03 13:33:18'),
	(956, 'AIT', 'TRAB- ANTICORPO ANTI-', 0, '2018-10-03 13:33:18', '2018-10-03 13:33:18'),
	(957, 'TRANS', 'TRANSFERRINA', 0, '2018-10-03 13:33:18', '2018-10-03 13:33:18'),
	(958, 'TRHA', 'TREPONEMA PALLIDUM (HA)', 0, '2018-10-03 13:33:18', '2018-10-03 13:33:18'),
	(959, 'SIFG', 'TREPONEMA PALLIDUM,', 0, '2018-10-03 13:33:18', '2018-10-03 13:33:18'),
	(960, 'TRIPF', 'TRIPSINA FECAL - PESQUISA', 0, '2018-10-03 13:33:18', '2018-10-03 13:33:18'),
	(961, 'VANCO', 'VANCOMICINA', 0, '2018-10-03 13:33:18', '2018-10-03 13:33:18'),
	(962, 'VARIG', 'VARICELLA ZOSTER IGG,', 0, '2018-10-03 13:33:19', '2018-10-03 13:33:19'),
	(963, 'VARIM', 'VARICELLA ZOSTER IGM,', 0, '2018-10-03 13:33:19', '2018-10-03 13:33:19'),
	(964, 'VITA', 'VITAMINA A', 0, '2018-10-03 13:33:19', '2018-10-03 13:33:19'),
	(965, 'VB1', 'VITAMINA B1 (TIAMINA)', 0, '2018-10-03 13:33:19', '2018-10-03 13:33:19'),
	(966, 'VB2', 'VITAMINA B2 (RIBOFLAVINA)', 0, '2018-10-03 13:33:19', '2018-10-03 13:33:19'),
	(967, 'VB3', 'VITAMINA B3', 0, '2018-10-03 13:33:19', '2018-10-03 13:33:19'),
	(968, 'VB5', 'VITAMINA B5', 0, '2018-10-03 13:33:19', '2018-10-03 13:33:19'),
	(969, 'VB6', 'VITAMINA B6 (PIRODOXINA)', 0, '2018-10-03 13:33:19', '2018-10-03 13:33:19'),
	(970, 'VD125', 'VITAMINA D  1,25', 0, '2018-10-03 13:33:19', '2018-10-03 13:33:19'),
	(971, 'VITAD', 'VITAMINA D3 (1,25', 0, '2018-10-03 13:33:19', '2018-10-03 13:33:19'),
	(972, 'VITAE', 'VITAMINA E (ALFA E', 0, '2018-10-03 13:33:19', '2018-10-03 13:33:19'),
	(973, 'WB', 'WESTERN-BLOT PARA HIV-1', 0, '2018-10-03 13:33:19', '2018-10-03 13:33:19'),
	(974, 'ZN', 'ZINCO (SANGUE)', 0, '2018-10-03 13:33:20', '2018-10-03 13:33:20'),
	(975, 'ZNU', 'ZINCO (URINA)', 0, '2018-10-03 13:33:20', '2018-10-03 13:33:20'),
	(976, 'ZPP', 'ZINCO PROTOPORFIRINA', 0, '2018-10-03 13:33:20', '2018-10-03 13:33:20'),
	(977, 'ANP2', 'ANATOMO PATOLOGICO', 0, '2018-10-03 13:33:20', '2018-10-03 13:33:20'),
	(978, 'ANP1', 'ANATOMO PATOLOGICO', 0, '2018-10-03 13:33:20', '2018-10-03 13:33:20'),
	(979, 'ANP3', 'ANATOMO PATOLOGICO', 0, '2018-10-03 13:33:20', '2018-10-03 13:33:20'),
	(980, 'ANP4', 'ANATOMO PATOLOGICO', 0, '2018-10-03 13:33:20', '2018-10-03 13:33:20'),
	(981, 'ANP', 'ANATOMO PATOLOGICO', 0, '2018-10-03 13:33:20', '2018-10-03 13:33:20'),
	(982, 'APPA', 'ANATOMO PATOLOGICO -', 0, '2018-10-03 13:33:20', '2018-10-03 13:33:20'),
	(983, 'BCUT', 'BIOPSIA DE COLO DO UTERO', 0, '2018-10-03 13:33:20', '2018-10-03 13:33:20'),
	(984, 'BIEN', 'BIOPSIA DE ENDOMETRIO', 0, '2018-10-03 13:33:20', '2018-10-03 13:33:20'),
	(985, 'BIVA', 'BIOPSIA DE VULVA (ATO +', 0, '2018-10-03 13:33:20', '2018-10-03 13:33:20'),
	(986, 'COSI', 'CITOPATOLOGICO', 0, '2018-10-03 13:33:20', '2018-10-03 13:33:20'),
	(987, 'COS', 'CITOPATOLOGICO', 0, '2018-10-03 13:33:20', '2018-10-03 13:33:20'),
	(988, 'DENTR', 'DENGUE TESTE RAPIDO', 0, '2018-10-03 13:33:20', '2018-10-03 13:33:20'),
	(989, 'HIV', 'HIV I E II, ANTICORPOS', 0, '2018-10-03 13:33:20', '2018-10-03 13:33:20'),
	(990, 'PSAL', 'PSA ANTIGENO PROSTATICO', 0, '2018-10-03 13:33:20', '2018-10-03 13:33:20'),
	(991, 'PSA', 'PSA TOTAL - ANTIGENO', 0, '2018-10-03 13:33:20', '2018-10-03 13:33:20'),
	(992, 'AUDIO', 'AUDIOMETRIA TONAL', 0, '2018-10-03 13:33:20', '2018-10-03 13:33:20'),
	(993, 'AUDTV', 'AUDIOMETRIA TONAL E', 0, '2018-10-03 13:33:21', '2018-10-03 13:33:21'),
	(994, 'AUDV', 'AUDIOMETRIA VOCAL', 0, '2018-10-03 13:33:21', '2018-10-03 13:33:21'),
	(995, 'IMPED', 'IMPEDANCIOMETRIA', 0, '2018-10-03 13:33:21', '2018-10-03 13:33:21'),
	(996, 'ECG', 'ECG LAUDO', 0, '2018-10-03 13:33:21', '2018-10-03 13:33:21'),
	(997, 'CAROV', 'CAROTIDAS VERTEBRAIS', 0, '2018-10-03 13:33:21', '2018-10-03 13:33:21'),
	(998, 'DOPVU', 'DE RINS E VIAS URINARIAS', 0, '2018-10-03 13:33:21', '2018-10-03 13:33:21'),
	(999, 'DENS', 'DENSITOMETRIA OSSEA', 0, '2018-10-03 13:33:21', '2018-10-03 13:33:21'),
	(1000, 'DAS', 'DOPPLER ABDOMEM', 0, '2018-10-03 13:33:21', '2018-10-03 13:33:21'),
	(1001, 'DOAT', 'DOPPLER ABDOMEM TOTAL', 0, '2018-10-03 13:33:21', '2018-10-03 13:33:21'),
	(1002, 'DOAA', 'DOPPLER AORTA ABDOMEM', 0, '2018-10-03 13:33:21', '2018-10-03 13:33:21'),
	(1003, 'DAAI', 'DOPPLER AORTA E ARTERIAS', 0, '2018-10-03 13:33:21', '2018-10-03 13:33:21'),
	(1004, 'DAMI', 'DOPPLER ARTERIAL DE', 0, '2018-10-03 13:33:21', '2018-10-03 13:33:21'),
	(1005, 'DAMS', 'DOPPLER ARTERIAL DE', 0, '2018-10-03 13:33:21', '2018-10-03 13:33:21'),
	(1006, 'DOPIN', 'DOPPLER ARTERIAL E', 0, '2018-10-03 13:33:21', '2018-10-03 13:33:21'),
	(1007, 'DOAVD', 'DOPPLER ARTERIAL E', 0, '2018-10-03 13:33:21', '2018-10-03 13:33:21'),
	(1008, 'DOAR', 'DOPPLER ARTERIAS RENAIS', 0, '2018-10-03 13:33:21', '2018-10-03 13:33:21'),
	(1009, 'DOAV', 'DOPPLER ARTERIAS', 0, '2018-10-03 13:33:21', '2018-10-03 13:33:21'),
	(1010, 'DCARV', 'DOPPLER CAROTIDAS E', 0, '2018-10-03 13:33:21', '2018-10-03 13:33:21'),
	(1011, 'DART', 'DOPPLER DE ARTICULACOES', 0, '2018-10-03 13:33:21', '2018-10-03 13:33:21'),
	(1012, 'DBES', 'DOPPLER DE BOLSA', 0, '2018-10-03 13:33:21', '2018-10-03 13:33:21'),
	(1013, 'DMAM', 'DOPPLER DE MAMAS', 0, '2018-10-03 13:33:21', '2018-10-03 13:33:21'),
	(1014, 'PAAFT', 'DOPPLER DE TIREOIDE', 0, '2018-10-03 13:33:21', '2018-10-03 13:33:21'),
	(1015, 'DOES', 'DOPPLER ESTRUTURAS', 0, '2018-10-03 13:33:21', '2018-10-03 13:33:21'),
	(1016, 'DOFOB', 'DOPPLER FLUXO OBSTETRICO', 0, '2018-10-03 13:33:21', '2018-10-03 13:33:21'),
	(1017, 'DOFL', 'DOPPLER FLUXOMETRIA', 0, '2018-10-03 13:33:22', '2018-10-03 13:33:22'),
	(1018, 'DVVB', 'DOPPLER GLANDULA', 0, '2018-10-03 13:33:22', '2018-10-03 13:33:22'),
	(1019, 'DOMS', 'DOPPLER OBSTETRICO', 0, '2018-10-03 13:33:22', '2018-10-03 13:33:22'),
	(1020, 'DVVU', 'DOPPLER PELVICO', 0, '2018-10-03 13:33:22', '2018-10-03 13:33:22'),
	(1021, 'DPET', 'DOPPLER TRANSVAGINAL', 0, '2018-10-03 13:33:22', '2018-10-03 13:33:22'),
	(1022, 'DVCI', 'DOPPLER VEIA CAVA', 0, '2018-10-03 13:33:22', '2018-10-03 13:33:22'),
	(1023, 'DVAS', 'DOPPLER VEIAS OU', 0, '2018-10-03 13:33:22', '2018-10-03 13:33:22'),
	(1024, 'DOMI', 'DOPPLER VENOSO MEMBRO', 0, '2018-10-03 13:33:22', '2018-10-03 13:33:22'),
	(1025, 'DVMS', 'DOPPLER VENOSO MEMBRO', 0, '2018-10-03 13:33:22', '2018-10-03 13:33:22'),
	(1026, 'ECOCA', 'ECOCARDIOGRAMA COM', 0, '2018-10-03 13:33:22', '2018-10-03 13:33:22'),
	(1027, 'SCAN', 'ECODOPPLER DUPLEX SCAN', 0, '2018-10-03 13:33:22', '2018-10-03 13:33:22'),
	(1028, 'EECF', 'EEG COM FOTOESTIMULAÇÃO', 0, '2018-10-03 13:33:22', '2018-10-03 13:33:22'),
	(1029, 'ELETR', 'ELETROCARDIOGRAMA', 0, '2018-10-03 13:33:22', '2018-10-03 13:33:22'),
	(1030, 'ENCEF', 'ELETROENCEFALOGRAMA', 0, '2018-10-03 13:33:22', '2018-10-03 13:33:22'),
	(1031, 'ENSOV', 'ELETROENCEFALOGRAMA EM', 0, '2018-10-03 13:33:23', '2018-10-03 13:33:23'),
	(1032, 'ENMAC', 'ELETROENCEFALOGRAMA', 0, '2018-10-03 13:33:23', '2018-10-03 13:33:23'),
	(1033, 'EMSE', 'ELETRONEUROMIOGRAFIA -', 0, '2018-10-03 13:33:23', '2018-10-03 13:33:23'),
	(1034, 'EMID', 'ELETRONEUROMIOGRAFIA', 0, '2018-10-03 13:33:23', '2018-10-03 13:33:23'),
	(1035, 'EDA', 'ENDOSCOPIA DIGESTIVA', 0, '2018-10-03 13:33:23', '2018-10-03 13:33:23'),
	(1036, 'E1DC', 'ESTUDO 1 VASO COM', 0, '2018-10-03 13:33:23', '2018-10-03 13:33:23'),
	(1037, 'E2DC', 'ESTUDO 2 VASOS COM', 0, '2018-10-03 13:33:23', '2018-10-03 13:33:23'),
	(1038, 'E3DC', 'ESTUDO 3 OU MAIS VASOS', 0, '2018-10-03 13:33:23', '2018-10-03 13:33:23'),
	(1039, 'HOL24', 'HOLTER 24 HORAS', 0, '2018-10-03 13:33:23', '2018-10-03 13:33:23'),
	(1040, 'MAMON', 'MAGNIFICACAO DA MAMA', 0, '2018-10-03 13:33:23', '2018-10-03 13:33:23'),
	(1041, 'MAMO', 'MAMOGRAFIA', 0, '2018-10-03 13:33:23', '2018-10-03 13:33:23'),
	(1042, 'MAPA', 'MONITORIZAÇÃO AMB DA', 0, '2018-10-03 13:33:23', '2018-10-03 13:33:23'),
	(1043, 'ABDPD', 'RX ABDOMEN EM PE E', 0, '2018-10-03 13:33:23', '2018-10-03 13:33:23'),
	(1044, 'ABDSI', 'RX ABDOMEN SIMPLES', 0, '2018-10-03 13:33:23', '2018-10-03 13:33:23'),
	(1045, 'ABDTO', 'RX ABDOMEN TOTAL', 0, '2018-10-03 13:33:23', '2018-10-03 13:33:23'),
	(1046, 'ANTBD', 'RX ANTEBRACO DIREITO AP', 0, '2018-10-03 13:33:23', '2018-10-03 13:33:23'),
	(1047, 'RADAP', 'RX ANTEBRACO DIREITO', 0, '2018-10-03 13:33:23', '2018-10-03 13:33:23'),
	(1048, 'RAEAQ', 'RX ANTEBRACO ESQUERDO', 0, '2018-10-03 13:33:23', '2018-10-03 13:33:23'),
	(1049, 'RAEAP', 'RX ANTEBRACO ESQUERDO', 0, '2018-10-03 13:33:23', '2018-10-03 13:33:23'),
	(1050, 'RAZM', 'RX ARCADA ZIGOMATICA', 0, '2018-10-03 13:33:23', '2018-10-03 13:33:23'),
	(1051, 'ARCCO', 'RX ARCOS COSTAIS', 0, '2018-10-03 13:33:24', '2018-10-03 13:33:24'),
	(1052, 'AECAP', 'RX ARTICULACAO EXTERNO', 0, '2018-10-03 13:33:24', '2018-10-03 13:33:24'),
	(1053, 'ASEPP', 'RX ARTICULACAO SACRO', 0, '2018-10-03 13:33:24', '2018-10-03 13:33:24'),
	(1054, 'ATMPP', 'RX ARTICULACAO TEMPORO', 0, '2018-10-03 13:33:24', '2018-10-03 13:33:24'),
	(1055, 'AACAP', 'RX ARTICULAÇÃO ACROMO', 0, '2018-10-03 13:33:24', '2018-10-03 13:33:24'),
	(1056, 'BACAP', 'RX BACIA AP', 0, '2018-10-03 13:33:24', '2018-10-03 13:33:24'),
	(1057, 'BACPP', 'RX BACIA AP + RA', 0, '2018-10-03 13:33:24', '2018-10-03 13:33:24'),
	(1058, 'BDAP', 'RX BRACO DIREITO AP', 0, '2018-10-03 13:33:24', '2018-10-03 13:33:24'),
	(1059, 'BDAPP', 'RX BRACO DIREITO AP+P', 0, '2018-10-03 13:33:24', '2018-10-03 13:33:24'),
	(1060, 'BEAP', 'RX BRACO ESQUERDO AP', 0, '2018-10-03 13:33:24', '2018-10-03 13:33:24'),
	(1061, 'BEAPP', 'RX BRACO ESQUERDO AP+P', 0, '2018-10-03 13:33:24', '2018-10-03 13:33:24'),
	(1062, 'CALDP', 'RX CALCANEO DIREITO', 0, '2018-10-03 13:33:24', '2018-10-03 13:33:24'),
	(1063, 'IPEAX', 'RX CALCANEO DIREITO', 0, '2018-10-03 13:33:24', '2018-10-03 13:33:24'),
	(1064, 'CESPE', 'RX CALCANEO ESQUERDO', 0, '2018-10-03 13:33:24', '2018-10-03 13:33:24'),
	(1065, 'CEPAX', 'RX CALCANEO ESQUERDO', 0, '2018-10-03 13:33:24', '2018-10-03 13:33:24'),
	(1066, 'CAVUM', 'RX CAVUM', 0, '2018-10-03 13:33:24', '2018-10-03 13:33:24'),
	(1067, 'CDAAX', 'RX CLAVICULA DIREITA', 0, '2018-10-03 13:33:24', '2018-10-03 13:33:24'),
	(1068, 'APOBL', 'RX CLAVICULA DIREITA', 0, '2018-10-03 13:33:24', '2018-10-03 13:33:24'),
	(1069, 'CDAPP', 'RX CLAVICULA DIREITA AP+P', 0, '2018-10-03 13:33:24', '2018-10-03 13:33:24'),
	(1070, 'EAPAX', 'RX CLAVICULA ESQUERDA', 0, '2018-10-03 13:33:24', '2018-10-03 13:33:24'),
	(1071, 'CEPOB', 'RX CLAVICULA ESQUERDA', 0, '2018-10-03 13:33:24', '2018-10-03 13:33:24'),
	(1072, 'ESAPP', 'RX CLAVICULA ESQUERDA', 0, '2018-10-03 13:33:24', '2018-10-03 13:33:24'),
	(1073, 'EAPOB', 'RX COLUNA CERVICAL', 0, '2018-10-03 13:33:24', '2018-10-03 13:33:24'),
	(1074, 'EAPP', 'RX COLUNA CERVICAL AP+P', 0, '2018-10-03 13:33:24', '2018-10-03 13:33:24'),
	(1075, 'LPOBL', 'RX COLUNA LOMBAR', 0, '2018-10-03 13:33:24', '2018-10-03 13:33:24'),
	(1076, 'LOAPP', 'RX COLUNA LOMBAR AP+P', 0, '2018-10-03 13:33:24', '2018-10-03 13:33:24'),
	(1077, 'CTOA', 'RX COLUNA TORACO', 0, '2018-10-03 13:33:25', '2018-10-03 13:33:25'),
	(1078, 'CTOLO', 'RX COLUNA TORACO', 0, '2018-10-03 13:33:25', '2018-10-03 13:33:25'),
	(1079, 'CDIAP', 'RX COTOVELO DIREITO AP', 0, '2018-10-03 13:33:25', '2018-10-03 13:33:25'),
	(1080, 'CDAPO', 'RX COTOVELO DIREITO', 0, '2018-10-03 13:33:25', '2018-10-03 13:33:25'),
	(1081, 'CIAPP', 'RX COTOVELO DIREITO AP+P', 0, '2018-10-03 13:33:25', '2018-10-03 13:33:25'),
	(1082, 'IAPPA', 'RX COTOVELO DIREITO', 0, '2018-10-03 13:33:25', '2018-10-03 13:33:25'),
	(1083, 'APPO', 'RX COTOVELO DIREITO', 0, '2018-10-03 13:33:25', '2018-10-03 13:33:25'),
	(1084, 'CEAP', 'RX COTOVELO ESQUERDO AP', 0, '2018-10-03 13:33:25', '2018-10-03 13:33:25'),
	(1085, 'CEAPA', 'RX COTOVELO ESQUERDO', 0, '2018-10-03 13:33:25', '2018-10-03 13:33:25'),
	(1086, 'CEAO', 'RX COTOVELO ESQUERDO', 0, '2018-10-03 13:33:25', '2018-10-03 13:33:25'),
	(1087, 'CEAPP', 'RX COTOVELO ESQUERDO', 0, '2018-10-03 13:33:25', '2018-10-03 13:33:25'),
	(1088, 'CEAPO', 'RX COTOVELO ESQUERDO', 0, '2018-10-03 13:33:25', '2018-10-03 13:33:25'),
	(1089, 'DAPP', 'RX COXA AP+P', 0, '2018-10-03 13:33:25', '2018-10-03 13:33:25'),
	(1090, 'AAPP', 'RX CRANIO AP+P', 0, '2018-10-03 13:33:25', '2018-10-03 13:33:25'),
	(1091, 'DORAP', 'RX DORSAL AP+P', 0, '2018-10-03 13:33:25', '2018-10-03 13:33:25'),
	(1092, 'DORBL', 'RX DORSAL AP. AP+OBLIQUO', 0, '2018-10-03 13:33:25', '2018-10-03 13:33:25'),
	(1093, 'DOLOA', 'RX DORSO LOMBAR', 0, '2018-10-03 13:33:25', '2018-10-03 13:33:25'),
	(1094, 'DOLPP', 'RX DORSO LOMBAR AP+P', 0, '2018-10-03 13:33:26', '2018-10-03 13:33:26'),
	(1095, 'ESCAF', 'RX ESCAFOIDE', 0, '2018-10-03 13:33:26', '2018-10-03 13:33:26'),
	(1096, 'ESCAN', 'RX ESCANOMETRIA', 0, '2018-10-03 13:33:26', '2018-10-03 13:33:26'),
	(1097, 'ESCAP', 'RX ESCAPULA', 0, '2018-10-03 13:33:26', '2018-10-03 13:33:26'),
	(1098, 'HEMIT', 'RX HEMITORAX', 0, '2018-10-03 13:33:26', '2018-10-03 13:33:26'),
	(1099, 'JODIP', 'RX JOELHO AP+P', 0, '2018-10-03 13:33:26', '2018-10-03 13:33:26'),
	(1100, 'JODIA', 'RX JOELHO AP+P+AXIAL', 0, '2018-10-03 13:33:26', '2018-10-03 13:33:26'),
	(1101, 'JPOB', 'RX JOELHO AP+P+OBLIQUO', 0, '2018-10-03 13:33:26', '2018-10-03 13:33:26'),
	(1102, 'LAUDO', 'RX LAUDO', 0, '2018-10-03 13:33:26', '2018-10-03 13:33:26'),
	(1103, 'LOSAA', 'RX LOMBO SACRA', 0, '2018-10-03 13:33:26', '2018-10-03 13:33:26'),
	(1104, 'LSAPP', 'RX LOMBO SACRA AP+P', 0, '2018-10-03 13:33:26', '2018-10-03 13:33:26'),
	(1105, 'DIRAP', 'RX MAO DIREITA AP', 0, '2018-10-03 13:33:26', '2018-10-03 13:33:26'),
	(1106, 'MDBLI', 'RX MAO DIREITA', 0, '2018-10-03 13:33:26', '2018-10-03 13:33:26'),
	(1107, 'MRAPP', 'RX MAO DIREITA AP+P', 0, '2018-10-03 13:33:27', '2018-10-03 13:33:27'),
	(1108, 'MDOBL', 'RX MAO DIREITA', 0, '2018-10-03 13:33:27', '2018-10-03 13:33:27'),
	(1109, 'MESQA', 'RX MAO ESQUERDA AP', 0, '2018-10-03 13:33:27', '2018-10-03 13:33:27'),
	(1110, 'MEAPO', 'RX MAO ESQUERDA', 0, '2018-10-03 13:33:27', '2018-10-03 13:33:27'),
	(1111, 'MEAPP', 'RX MAO ESQUERDA AP+P', 0, '2018-10-03 13:33:27', '2018-10-03 13:33:27'),
	(1112, 'PPOBL', 'RX MAO ESQUERDA', 0, '2018-10-03 13:33:27', '2018-10-03 13:33:27'),
	(1113, 'MPIO', 'RX MAOS E PUNHOS PARA', 0, '2018-10-03 13:33:27', '2018-10-03 13:33:27'),
	(1114, 'MRBIL', 'RX MASTOIDES OU', 0, '2018-10-03 13:33:27', '2018-10-03 13:33:27'),
	(1115, 'MANFP', 'RX MAXILAR INFERIOR AP+P', 0, '2018-10-03 13:33:27', '2018-10-03 13:33:27'),
	(1116, 'ODAYE', 'RX OMBRO AP+Y', 0, '2018-10-03 13:33:27', '2018-10-03 13:33:27'),
	(1117, 'OMDI', 'RX OMBRO DIREITO AP', 0, '2018-10-03 13:33:27', '2018-10-03 13:33:27'),
	(1118, 'ODIAP', 'RX OMBRO DIREITO', 0, '2018-10-03 13:33:27', '2018-10-03 13:33:27'),
	(1119, 'RAPP', 'RX OMBRO DIREITO AP+P', 0, '2018-10-03 13:33:27', '2018-10-03 13:33:27'),
	(1120, 'DIAPX', 'RX OMBRO DIREITO', 0, '2018-10-03 13:33:27', '2018-10-03 13:33:27'),
	(1121, 'ODRAP', 'RX OMBRO DIREITO', 0, '2018-10-03 13:33:27', '2018-10-03 13:33:27'),
	(1122, 'ODAPY', 'RX OMBRO DIREITO AP+Y', 0, '2018-10-03 13:33:27', '2018-10-03 13:33:27'),
	(1123, 'ESQAP', 'RX OMBRO ESQUERDO AP', 0, '2018-10-03 13:33:28', '2018-10-03 13:33:28'),
	(1124, 'OEAES', 'RX OMBRO ESQUERDO', 0, '2018-10-03 13:33:28', '2018-10-03 13:33:28'),
	(1125, 'OEPOB', 'RX OMBRO ESQUERDO', 0, '2018-10-03 13:33:28', '2018-10-03 13:33:28'),
	(1126, 'OMESA', 'RX OMBRO ESQUERDO AP+P', 0, '2018-10-03 13:33:28', '2018-10-03 13:33:28'),
	(1127, 'APAXI', 'RX OMBRO ESQUERDO', 0, '2018-10-03 13:33:28', '2018-10-03 13:33:28'),
	(1128, 'POBL', 'RX OMBRO ESQUERDO', 0, '2018-10-03 13:33:28', '2018-10-03 13:33:28'),
	(1129, 'PYESC', 'RX OMBRO ESQUERDO AP+Y', 0, '2018-10-03 13:33:28', '2018-10-03 13:33:28'),
	(1130, 'BRIRE', 'RX OMBRO RI+E', 0, '2018-10-03 13:33:28', '2018-10-03 13:33:28'),
	(1131, 'OPLAT', 'RX OMOPLATA AP+P', 0, '2018-10-03 13:33:28', '2018-10-03 13:33:28'),
	(1132, 'COVER', 'RX PANORAMICA COLUNA', 0, '2018-10-03 13:33:28', '2018-10-03 13:33:28'),
	(1133, 'NINFE', 'RX PANORAMICA DOS', 0, '2018-10-03 13:33:28', '2018-10-03 13:33:28'),
	(1134, 'PATEL', 'RX PATELA JOELHO AP+P', 0, '2018-10-03 13:33:28', '2018-10-03 13:33:28'),
	(1135, 'EDIRA', 'RX PE DIREITO AP', 0, '2018-10-03 13:33:28', '2018-10-03 13:33:28'),
	(1136, 'PEAPP', 'RX PE DIREITO AP+P', 0, '2018-10-03 13:33:28', '2018-10-03 13:33:28'),
	(1137, 'PEDAP', 'RX PE DIREITO', 0, '2018-10-03 13:33:28', '2018-10-03 13:33:28'),
	(1138, 'PEESQ', 'RX PE ESQUERDO AP', 0, '2018-10-03 13:33:28', '2018-10-03 13:33:28'),
	(1139, 'PEQAP', 'RX PE ESQUERDO AP+P', 0, '2018-10-03 13:33:28', '2018-10-03 13:33:28'),
	(1140, 'PEDIA', 'RX PE ESQUERDO', 0, '2018-10-03 13:33:28', '2018-10-03 13:33:28'),
	(1141, 'PEDIR', 'RX PERNA DIREITA AP+P', 0, '2018-10-03 13:33:28', '2018-10-03 13:33:28'),
	(1142, 'PERSQ', 'RX PERNA ESQUERDA AP+P', 0, '2018-10-03 13:33:29', '2018-10-03 13:33:29'),
	(1143, 'PUAP', 'RX PUNHO AP', 0, '2018-10-03 13:33:29', '2018-10-03 13:33:29'),
	(1144, 'PDIAP', 'RX PUNHO DIREITO AP+P', 0, '2018-10-03 13:33:29', '2018-10-03 13:33:29'),
	(1145, 'PUDAP', 'RX PUNHO DIREITO', 0, '2018-10-03 13:33:29', '2018-10-03 13:33:29'),
	(1146, 'UESAP', 'RX PUNHO ESQUERDO AP+P', 0, '2018-10-03 13:33:29', '2018-10-03 13:33:29'),
	(1147, 'PESAP', 'RX PUNHO ESQUERDO', 0, '2018-10-03 13:33:29', '2018-10-03 13:33:29'),
	(1148, 'PUFLE', 'RX PUNHO', 0, '2018-10-03 13:33:29', '2018-10-03 13:33:29'),
	(1149, 'QUADI', 'RX QUADRIL DIREITO AP+P', 0, '2018-10-03 13:33:29', '2018-10-03 13:33:29'),
	(1150, 'QUESA', 'RX QUADRIL ESQUERDO AP+P', 0, '2018-10-03 13:33:29', '2018-10-03 13:33:29'),
	(1151, 'SACOA', 'RX SACRO COCCIX AP+P', 0, '2018-10-03 13:33:29', '2018-10-03 13:33:29'),
	(1152, 'SEIFA', 'RX SEIOS DA FACE', 0, '2018-10-03 13:33:29', '2018-10-03 13:33:29'),
	(1153, 'SETUC', 'RX SELA TURCA AP+P', 0, '2018-10-03 13:33:29', '2018-10-03 13:33:29'),
	(1154, 'TOXAP', 'RX TORAX AP', 0, '2018-10-03 13:33:29', '2018-10-03 13:33:29'),
	(1155, 'TXAPP', 'RX TORAX AP+P', 0, '2018-10-03 13:33:29', '2018-10-03 13:33:29'),
	(1156, 'TOAP', 'RX TORNOZELO AP', 0, '2018-10-03 13:33:29', '2018-10-03 13:33:29'),
	(1157, 'TDIAP', 'RX TORNOZELO DIREITO', 0, '2018-10-03 13:33:29', '2018-10-03 13:33:29'),
	(1158, 'TDIAS', 'RX TORNOZELO DIREITO', 0, '2018-10-03 13:33:29', '2018-10-03 13:33:29'),
	(1159, 'TODPP', 'RX TORNOZELO DIREITO', 0, '2018-10-03 13:33:29', '2018-10-03 13:33:29'),
	(1160, 'TESA', 'RX TORNOZELO ESQUERDO', 0, '2018-10-03 13:33:29', '2018-10-03 13:33:29'),
	(1161, 'TOES', 'RX TORNOZELO ESQUERDO', 0, '2018-10-03 13:33:29', '2018-10-03 13:33:29'),
	(1162, 'TESAP', 'RX TORNOZELO ESQUERDO', 0, '2018-10-03 13:33:29', '2018-10-03 13:33:29'),
	(1163, 'ERG', 'TESTE ERGOMETRICO', 0, '2018-10-03 13:33:29', '2018-10-03 13:33:29'),
	(1164, 'TABS', 'TOMOGRAFIA ABDOME', 0, '2018-10-03 13:33:29', '2018-10-03 13:33:29'),
	(1165, 'TATC', 'TOMOGRAFIA ABDOMEM', 0, '2018-10-03 13:33:29', '2018-10-03 13:33:29'),
	(1166, 'TAI', 'TOMOGRAFIA ABDOMEN', 0, '2018-10-03 13:33:30', '2018-10-03 13:33:30'),
	(1167, 'TBAC', 'TOMOGRAFIA BACIA', 0, '2018-10-03 13:33:30', '2018-10-03 13:33:30'),
	(1168, 'TCD1', 'TOMOGRAFIA COL. TORACO', 0, '2018-10-03 13:33:30', '2018-10-03 13:33:30'),
	(1169, 'TOCC', 'TOMOGRAFIA COLUNA', 0, '2018-10-03 13:33:30', '2018-10-03 13:33:30'),
	(1170, 'TCDOR', 'TOMOGRAFIA COLUNA', 0, '2018-10-03 13:33:30', '2018-10-03 13:33:30'),
	(1171, 'TOCL', 'TOMOGRAFIA COLUNA', 0, '2018-10-03 13:33:30', '2018-10-03 13:33:30'),
	(1172, 'TOFC', 'TOMOGRAFIA COXA', 0, '2018-10-03 13:33:30', '2018-10-03 13:33:30'),
	(1173, 'TCRA', 'TOMOGRAFIA CRANIO', 0, '2018-10-03 13:33:30', '2018-10-03 13:33:30'),
	(1174, 'TOMOP', 'TOMOGRAFIA DE PERNA', 0, '2018-10-03 13:33:30', '2018-10-03 13:33:30'),
	(1175, 'TSFT', 'TOMOGRAFIA FACES OU', 0, '2018-10-03 13:33:30', '2018-10-03 13:33:30'),
	(1176, 'THIP', 'TOMOGRAFIA HIPOFARINGE', 0, '2018-10-03 13:33:30', '2018-10-03 13:33:30'),
	(1177, 'TLAR', 'TOMOGRAFIA LARINGE', 0, '2018-10-03 13:33:30', '2018-10-03 13:33:30'),
	(1178, 'TCPM', 'TOMOGRAFIA LARINGE', 0, '2018-10-03 13:33:30', '2018-10-03 13:33:30'),
	(1179, 'TCLS', 'TOMOGRAFIA LOMBO SACRA', 0, '2018-10-03 13:33:30', '2018-10-03 13:33:30'),
	(1180, 'TMAN', 'TOMOGRAFIA MANDIBULA', 0, '2018-10-03 13:33:30', '2018-10-03 13:33:30'),
	(1181, 'TCOS', 'TOMOGRAFIA MAO E PUNHO', 0, '2018-10-03 13:33:30', '2018-10-03 13:33:30'),
	(1182, 'TMAS', 'TOMOGRAFIA MASTOIDE', 0, '2018-10-03 13:33:30', '2018-10-03 13:33:30'),
	(1183, 'TMAI', 'TOMOGRAFIA MAXILAR', 0, '2018-10-03 13:33:30', '2018-10-03 13:33:30'),
	(1184, 'TOMS', 'TOMOGRAFIA MAXILAR', 0, '2018-10-03 13:33:30', '2018-10-03 13:33:30'),
	(1185, 'TMO', 'TOMOGRAFIA MEMBRO', 0, '2018-10-03 13:33:30', '2018-10-03 13:33:30'),
	(1186, 'TSAP', 'TOMOGRAFIA MEMBRO', 0, '2018-10-03 13:33:30', '2018-10-03 13:33:30'),
	(1187, 'TOMO', 'TOMOGRAFIA OMBRO OU', 0, '2018-10-03 13:33:31', '2018-10-03 13:33:31'),
	(1188, 'TOOR', 'TOMOGRAFIA ORBITA', 0, '2018-10-03 13:33:31', '2018-10-03 13:33:31'),
	(1189, 'TPB', 'TOMOGRAFIA PE', 0, '2018-10-03 13:33:31', '2018-10-03 13:33:31'),
	(1190, 'TPEL', 'TOMOGRAFIA PELVICA', 0, '2018-10-03 13:33:31', '2018-10-03 13:33:31'),
	(1191, 'TPPM', 'TOMOGRAFIA PESCOÇO', 0, '2018-10-03 13:33:31', '2018-10-03 13:33:31'),
	(1192, 'TQUA', 'TOMOGRAFIA QUADRIL', 0, '2018-10-03 13:33:31', '2018-10-03 13:33:31'),
	(1193, 'TOMR', 'TOMOGRAFIA RINOFARINGE', 0, '2018-10-03 13:33:31', '2018-10-03 13:33:31'),
	(1194, 'TORI', 'TOMOGRAFIA RINS E VIAS', 0, '2018-10-03 13:33:31', '2018-10-03 13:33:31'),
	(1195, 'TOST', 'TOMOGRAFIA SELA TURCA', 0, '2018-10-03 13:33:31', '2018-10-03 13:33:31'),
	(1196, 'TTAC', 'TOMOGRAFIA TORAX (ARCOS', 0, '2018-10-03 13:33:31', '2018-10-03 13:33:31'),
	(1197, 'TCT', 'TOMOGRAFIA TORNOZELO', 0, '2018-10-03 13:33:31', '2018-10-03 13:33:31'),
	(1198, 'ABDI', 'ULTRASSON ABDOMEN', 0, '2018-10-03 13:33:31', '2018-10-03 13:33:31'),
	(1199, 'UABSU', 'ULTRASSON ABDOMEN', 0, '2018-10-03 13:33:31', '2018-10-03 13:33:31'),
	(1200, 'UABTO', 'ULTRASSON ABDOMEN TOTAL', 0, '2018-10-03 13:33:31', '2018-10-03 13:33:31'),
	(1201, 'USABE', 'ULTRASSON ANTEBRACO', 0, '2018-10-03 13:33:31', '2018-10-03 13:33:31'),
	(1202, 'AUBVR', 'ULTRASSON AP URINARIO', 0, '2018-10-03 13:33:31', '2018-10-03 13:33:31'),
	(1203, 'SESCR', 'ULTRASSON BOLSA', 0, '2018-10-03 13:33:31', '2018-10-03 13:33:31'),
	(1204, 'USBRD', 'ULTRASSON BRACO DIREITO', 0, '2018-10-03 13:33:31', '2018-10-03 13:33:31'),
	(1205, 'USBRE', 'ULTRASSON BRACO', 0, '2018-10-03 13:33:31', '2018-10-03 13:33:31'),
	(1206, 'USCAL', 'ULTRASSON CALCANHAR', 0, '2018-10-03 13:33:31', '2018-10-03 13:33:31'),
	(1207, 'USGCA', 'ULTRASSON CAROTIDAS', 0, '2018-10-03 13:33:31', '2018-10-03 13:33:31'),
	(1208, 'USCSB', 'ULTRASSON CAROTIDAS', 0, '2018-10-03 13:33:32', '2018-10-03 13:33:32'),
	(1209, 'UPELT', 'ULTRASSON COMBINADO', 0, '2018-10-03 13:33:32', '2018-10-03 13:33:32'),
	(1210, 'CORE3', 'ULTRASSON CORE BIOPSY 3', 0, '2018-10-03 13:33:32', '2018-10-03 13:33:32'),
	(1211, 'CORE5', 'ULTRASSON CORE BIOPSY 5', 0, '2018-10-03 13:33:32', '2018-10-03 13:33:32'),
	(1212, 'CORE2', 'ULTRASSON CORE BIOPSY', 0, '2018-10-03 13:33:32', '2018-10-03 13:33:32'),
	(1213, 'USAX', 'ULTRASSON DA AXILA', 0, '2018-10-03 13:33:32', '2018-10-03 13:33:32'),
	(1214, 'COXAD', 'ULTRASSON DA COXA', 0, '2018-10-03 13:33:32', '2018-10-03 13:33:32'),
	(1215, 'COXAE', 'ULTRASSON DA COXA', 0, '2018-10-03 13:33:32', '2018-10-03 13:33:32'),
	(1216, 'USGMA', 'ULTRASSON DA MAMA', 0, '2018-10-03 13:33:32', '2018-10-03 13:33:32'),
	(1217, 'USGMD', 'ULTRASSON DA MAO', 0, '2018-10-03 13:33:32', '2018-10-03 13:33:32'),
	(1218, 'PERND', 'ULTRASSON DA PERNA', 0, '2018-10-03 13:33:32', '2018-10-03 13:33:32'),
	(1219, 'PERNE', 'ULTRASSON DA PERNA', 0, '2018-10-03 13:33:32', '2018-10-03 13:33:32'),
	(1220, 'LOMB', 'ULTRASSON DA REGIAO', 0, '2018-10-03 13:33:32', '2018-10-03 13:33:32'),
	(1221, 'USGTI', 'ULTRASSON DA TIROIDE', 0, '2018-10-03 13:33:32', '2018-10-03 13:33:32'),
	(1222, 'ABDOI', 'ULTRASSON DO ABDOMEN', 0, '2018-10-03 13:33:32', '2018-10-03 13:33:32'),
	(1223, 'USABD', 'ULTRASSON DO ANTEBRACO', 0, '2018-10-03 13:33:32', '2018-10-03 13:33:32'),
	(1224, 'UBRAE', 'ULTRASSON DO BRACO', 0, '2018-10-03 13:33:32', '2018-10-03 13:33:32'),
	(1225, 'CALCD', 'ULTRASSON DO CALCANHAR', 0, '2018-10-03 13:33:32', '2018-10-03 13:33:32'),
	(1226, 'COTD', 'ULTRASSON DO COTOVELO', 0, '2018-10-03 13:33:33', '2018-10-03 13:33:33'),
	(1227, 'COTE', 'ULTRASSON DO COTOVELO', 0, '2018-10-03 13:33:33', '2018-10-03 13:33:33'),
	(1228, 'UCRA', 'ULTRASSON DO CRANIO', 0, '2018-10-03 13:33:33', '2018-10-03 13:33:33'),
	(1229, 'UMAMI', 'ULTRASSON DO MAMILO', 0, '2018-10-03 13:33:33', '2018-10-03 13:33:33'),
	(1230, 'USGPD', 'ULTRASSON DO PE DIREITO', 0, '2018-10-03 13:33:33', '2018-10-03 13:33:33'),
	(1231, 'USGPE', 'ULTRASSON DO PE', 0, '2018-10-03 13:33:33', '2018-10-03 13:33:33'),
	(1232, 'PENIS', 'ULTRASSON DO PENIS', 0, '2018-10-03 13:33:33', '2018-10-03 13:33:33'),
	(1233, 'USGPU', 'ULTRASSON DO PUNHO', 0, '2018-10-03 13:33:33', '2018-10-03 13:33:33'),
	(1234, 'QUADR', 'ULTRASSON DO QUADRIL', 0, '2018-10-03 13:33:33', '2018-10-03 13:33:33'),
	(1235, 'QUADD', 'ULTRASSON DO QUADRIL', 0, '2018-10-03 13:33:33', '2018-10-03 13:33:33'),
	(1236, 'QUADE', 'ULTRASSON DO QUADRIL', 0, '2018-10-03 13:33:33', '2018-10-03 13:33:33'),
	(1237, 'TESTI', 'ULTRASSON DO TESTICULOS', 0, '2018-10-03 13:33:33', '2018-10-03 13:33:33'),
	(1238, 'USGTO', 'ULTRASSON DO TORAX', 0, '2018-10-03 13:33:33', '2018-10-03 13:33:33'),
	(1239, 'TORND', 'ULTRASSON DO TORNOZELO', 0, '2018-10-03 13:33:33', '2018-10-03 13:33:33'),
	(1240, 'TORNE', 'ULTRASSON DO TORNOZELO', 0, '2018-10-03 13:33:33', '2018-10-03 13:33:33'),
	(1241, 'DORS', 'ULTRASSON DORSAL', 0, '2018-10-03 13:33:33', '2018-10-03 13:33:33'),
	(1242, 'USGFH', 'ULTRASSON FIGADO', 0, '2018-10-03 13:33:33', '2018-10-03 13:33:33'),
	(1243, 'USCRA', 'ULTRASSON FONTANELA', 0, '2018-10-03 13:33:34', '2018-10-03 13:33:34'),
	(1244, 'GLAND', 'ULTRASSON GLANDULAS', 0, '2018-10-03 13:33:34', '2018-10-03 13:33:34'),
	(1245, 'USHEM', 'ULTRASSON HEMOTORAX', 0, '2018-10-03 13:33:34', '2018-10-03 13:33:34'),
	(1246, 'UHIP', 'ULTRASSON HIPOCONDRIO', 0, '2018-10-03 13:33:34', '2018-10-03 13:33:34'),
	(1247, 'INGBI', 'ULTRASSON INGUINAL BI', 0, '2018-10-03 13:33:34', '2018-10-03 13:33:34'),
	(1248, 'JOEL', 'ULTRASSON JOELHO DIREITO', 0, '2018-10-03 13:33:34', '2018-10-03 13:33:34'),
	(1249, 'JOELE', 'ULTRASSON JOELHO', 0, '2018-10-03 13:33:34', '2018-10-03 13:33:34'),
	(1250, 'UMOR', 'ULTRASSON MORFOLOGICO', 0, '2018-10-03 13:33:34', '2018-10-03 13:33:34'),
	(1251, 'UMUS', 'ULTRASSON MUSCULOS', 0, '2018-10-03 13:33:34', '2018-10-03 13:33:34'),
	(1252, 'OBSNI', 'ULTRASSON OBSTETRICO', 0, '2018-10-03 13:33:34', '2018-10-03 13:33:34'),
	(1253, 'UGL2', 'ULTRASSON OCULAR', 0, '2018-10-03 13:33:34', '2018-10-03 13:33:34'),
	(1254, 'OMBR', 'ULTRASSON OMBRO DIREITO', 0, '2018-10-03 13:33:34', '2018-10-03 13:33:34'),
	(1255, 'OMBRE', 'ULTRASSON OMBRO', 0, '2018-10-03 13:33:34', '2018-10-03 13:33:34'),
	(1256, 'UORG', 'ULTRASSON ORGAOS E', 0, '2018-10-03 13:33:34', '2018-10-03 13:33:34'),
	(1257, 'PAFMA', 'ULTRASSON PAAF DE MAMA', 0, '2018-10-03 13:33:34', '2018-10-03 13:33:34'),
	(1258, 'PAFTI', 'ULTRASSON PAAF DE TIORIDE', 0, '2018-10-03 13:33:34', '2018-10-03 13:33:34'),
	(1259, 'UPAN', 'ULTRASSON PANCREATICA', 0, '2018-10-03 13:33:34', '2018-10-03 13:33:34'),
	(1260, 'UPAB', 'ULTRASSON PAREDE', 0, '2018-10-03 13:33:34', '2018-10-03 13:33:34'),
	(1261, 'UPAR', 'ULTRASSON PAROTIDA', 0, '2018-10-03 13:33:34', '2018-10-03 13:33:34'),
	(1262, 'PMOLE', 'ULTRASSON PARTES MOLES', 0, '2018-10-03 13:33:34', '2018-10-03 13:33:34'),
	(1263, 'UPEL', 'ULTRASSON PELVICA', 0, '2018-10-03 13:33:35', '2018-10-03 13:33:35'),
	(1264, 'UPEU', 'ULTRASSON PELVICO', 0, '2018-10-03 13:33:35', '2018-10-03 13:33:35'),
	(1265, 'USPEN', 'ULTRASSON PENIANO (PENIS)', 0, '2018-10-03 13:33:35', '2018-10-03 13:33:35'),
	(1266, 'USPES', 'ULTRASSON PESCOÇO', 0, '2018-10-03 13:33:35', '2018-10-03 13:33:35'),
	(1267, 'USPEA', 'ULTRASSON PESQUISA DE', 0, '2018-10-03 13:33:35', '2018-10-03 13:33:35'),
	(1268, 'TRA12', 'ULTRASSON PROSTATA', 0, '2018-10-03 13:33:35', '2018-10-03 13:33:35'),
	(1269, 'TRA18', 'ULTRASSON PROSTATA', 0, '2018-10-03 13:33:35', '2018-10-03 13:33:35'),
	(1270, 'PVABD', 'ULTRASSON PROSTATA VIA', 0, '2018-10-03 13:33:35', '2018-10-03 13:33:35'),
	(1271, 'PVTRA', 'ULTRASSON PROSTATA VIA', 0, '2018-10-03 13:33:35', '2018-10-03 13:33:35'),
	(1272, 'USGCP', 'ULTRASSON REGIAO', 0, '2018-10-03 13:33:35', '2018-10-03 13:33:35'),
	(1273, 'INGUI', 'ULTRASSON REGIAO', 0, '2018-10-03 13:33:35', '2018-10-03 13:33:35'),
	(1274, 'USUBM', 'ULTRASSON SUBMANDIBULAR', 0, '2018-10-03 13:33:35', '2018-10-03 13:33:35'),
	(1275, 'USUP', 'ULTRASSON SUPRA RENAIS', 0, '2018-10-03 13:33:35', '2018-10-03 13:33:35'),
	(1276, 'TENDA', 'ULTRASSON TENDAO DE', 0, '2018-10-03 13:33:35', '2018-10-03 13:33:35'),
	(1277, 'UTTN', 'ULTRASSON TRANSVAGINAL', 0, '2018-10-03 13:33:35', '2018-10-03 13:33:35'),
	(1278, 'ENVAG', 'ULTRASSON TRANSVAGINAL', 0, '2018-10-03 13:33:35', '2018-10-03 13:33:35'),
	(1279, 'UVEB', 'ULTRASSON VESICULAR', 0, '2018-10-03 13:33:35', '2018-10-03 13:33:35'),
	(1280, 'USGTR', 'ULTRASSON VIA', 0, '2018-10-03 13:33:35', '2018-10-03 13:33:35'),
	(1281, 'ESPIR', 'ESPIROMETRIA', 0, '2018-10-03 13:33:35', '2018-10-03 13:33:35'),
	(1282, 'PROFU', 'PROVA DE FUNCAO', 0, '2018-10-03 13:33:36', '2018-10-03 13:33:36');
/*!40000 ALTER TABLE `exames` ENABLE KEYS */;

-- Copiando estrutura para tabela la-gravidanza.exames_caracteristicas
CREATE TABLE IF NOT EXISTS `exames_caracteristicas` (
  `id` int(10) unsigned NOT NULL AUTO_INCREMENT,
  `nome` varchar(150) COLLATE utf8mb4_unicode_ci NOT NULL,
  `exame_id` int(10) unsigned NOT NULL,
  `is_deleted` tinyint(1) NOT NULL DEFAULT '0',
  `created_at` timestamp NULL DEFAULT NULL,
  `updated_at` timestamp NULL DEFAULT NULL,
  PRIMARY KEY (`id`),
  KEY `exames_caracteristicas_exame_id_foreign` (`exame_id`),
  CONSTRAINT `exames_caracteristicas_exame_id_foreign` FOREIGN KEY (`exame_id`) REFERENCES `exames` (`id`) ON DELETE CASCADE ON UPDATE CASCADE
) ENGINE=InnoDB AUTO_INCREMENT=67 DEFAULT CHARSET=utf8mb4 COLLATE=utf8mb4_unicode_ci;

-- Copiando dados para a tabela la-gravidanza.exames_caracteristicas: ~15 rows (aproximadamente)
DELETE FROM `exames_caracteristicas`;
/*!40000 ALTER TABLE `exames_caracteristicas` DISABLE KEYS */;
INSERT INTO `exames_caracteristicas` (`id`, `nome`, `exame_id`, `is_deleted`, `created_at`, `updated_at`) VALUES
	(52, 'cor', 975, 1, '2018-11-06 13:27:09', '2018-11-06 13:27:41'),
	(53, 'cor teste edit', 975, 0, '2018-11-06 13:27:32', '2018-11-06 13:27:32'),
	(54, 'cor teste edit 2', 975, 0, '2018-11-06 13:28:01', '2018-11-06 13:28:01'),
	(55, 'cor', 975, 0, '2018-11-06 13:29:05', '2018-11-06 13:29:05'),
	(56, 'cor', 975, 0, '2018-11-06 13:30:21', '2018-11-06 13:30:21'),
	(57, 'teste cor', 975, 0, '2018-11-06 14:55:44', '2018-11-06 14:55:44'),
	(58, 'cor', 975, 0, '2018-11-06 15:01:02', '2018-11-06 15:01:02'),
	(59, 'cor', 976, 0, '2018-11-06 15:15:40', '2018-11-06 15:15:40'),
	(60, 'teste', 975, 0, '2018-11-06 15:19:18', '2018-11-06 15:19:18'),
	(61, 'teste', 974, 0, '2018-11-06 15:20:15', '2018-11-06 15:20:15'),
	(62, 'Teste', 976, 0, '2018-11-07 09:34:37', '2018-11-07 09:34:37'),
	(63, 'cor', 975, 0, '2018-11-07 09:35:22', '2018-11-07 09:35:22'),
	(64, 'teste', 976, 0, '2018-11-07 09:39:05', '2018-11-07 09:39:05'),
	(65, 'teste teste', 976, 0, '2018-11-07 09:45:42', '2018-11-07 09:46:16'),
	(66, 'Teste', 825, 0, '2018-11-07 09:55:58', '2018-11-07 09:55:58');
/*!40000 ALTER TABLE `exames_caracteristicas` ENABLE KEYS */;

-- Copiando estrutura para tabela la-gravidanza.historico_anotacoes
CREATE TABLE IF NOT EXISTS `historico_anotacoes` (
  `id` int(10) unsigned NOT NULL AUTO_INCREMENT,
  `historico_id` int(10) unsigned NOT NULL,
  `data_anotacao` datetime NOT NULL DEFAULT '2018-10-03 12:57:44',
  `anotacao` varchar(500) COLLATE utf8mb4_unicode_ci NOT NULL,
  `is_deleted` tinyint(1) NOT NULL DEFAULT '0',
  `created_at` timestamp NULL DEFAULT NULL,
  `updated_at` timestamp NULL DEFAULT NULL,
  PRIMARY KEY (`id`),
  KEY `historico_anotacoes_historico_id_foreign` (`historico_id`),
  CONSTRAINT `historico_anotacoes_historico_id_foreign` FOREIGN KEY (`historico_id`) REFERENCES `paciente_historico` (`id`) ON DELETE CASCADE ON UPDATE CASCADE
) ENGINE=InnoDB AUTO_INCREMENT=38 DEFAULT CHARSET=utf8mb4 COLLATE=utf8mb4_unicode_ci;

-- Copiando dados para a tabela la-gravidanza.historico_anotacoes: ~37 rows (aproximadamente)
DELETE FROM `historico_anotacoes`;
/*!40000 ALTER TABLE `historico_anotacoes` DISABLE KEYS */;
INSERT INTO `historico_anotacoes` (`id`, `historico_id`, `data_anotacao`, `anotacao`, `is_deleted`, `created_at`, `updated_at`) VALUES
	(1, 1, '2018-10-03 12:57:44', 'Mussum Ipsum, cacilds vidis litro abertis. Aenean aliquam molestie leo, vitae iaculis nisl. Cevadis im ampola pa arma uma pindureta. Não sou faixa preta cumpadi, sou preto inteiris, inteiris. Quem num gosta di mé, boa gentis num é.', 1, NULL, '2018-10-31 10:19:49'),
	(2, 1, '2018-10-09 10:40:59', 'Mussum Ipsum, cacilds vidis litro abertis. Aenean aliquam molestie leo, vitae iaculis nisl. Cevadis im ampola pa arma uma pindureta. Não sou faixa preta cumpadi, sou preto inteiris, inteiris. Quem num gosta di mé, boa gentis num é.', 1, NULL, '2018-10-31 10:41:23'),
	(3, 1, '2018-10-11 18:50:17', 'teste 7777', 1, '2018-10-11 18:50:17', '2018-10-31 10:20:28'),
	(4, 1, '2018-10-15 12:17:49', 'Teste 2712', 1, '2018-10-15 12:17:49', '2018-10-31 10:21:11'),
	(5, 1, '2018-10-16 12:53:27', 'Mussum Ipsum, cacilds vidis litro abertis. Mé faiz elementum girarzis, nisi eros vermeio. Casamentiss faiz malandris se pirulitá. Quem manda na minha terra sou euzis! Suco de cevadiss deixa as pessoas mais interessantis.', 1, '2018-10-16 12:53:27', '2018-10-31 10:24:12'),
	(6, 1, '2018-10-16 14:33:32', 'Teste 3', 1, '2018-10-16 14:33:32', '2018-10-31 10:23:47'),
	(7, 1, '2018-10-16 14:34:06', 'teste 4', 1, '2018-10-16 14:34:06', '2018-10-31 10:23:51'),
	(8, 1, '2018-10-16 15:12:20', 'teste 5', 1, '2018-10-16 15:12:20', '2018-10-31 10:23:53'),
	(9, 1, '2018-10-18 12:31:30', 'teste', 1, '2018-10-18 12:31:30', '2018-10-31 10:24:05'),
	(10, 1, '2018-10-18 12:33:03', 'Teste 777', 1, '2018-10-18 12:33:03', '2018-10-31 10:24:06'),
	(11, 1, '2018-10-18 12:36:29', 'Teste 123', 1, '2018-10-18 12:36:29', '2018-10-31 10:24:07'),
	(12, 1, '2018-10-18 12:50:04', 'teste refresh', 1, '2018-10-18 12:50:04', '2018-10-31 10:24:09'),
	(13, 1, '2018-10-18 12:57:24', 'Teste refresh 12', 1, '2018-10-18 12:57:24', '2018-10-31 10:24:10'),
	(14, 1, '2018-10-18 13:44:31', 'Mussum Ipsum, cacilds vidis litro abertis. Mauris nec dolor in eros commodo tempor. Aenean aliquam molestie leo, vitae iaculis nisl. Todo mundo vê os porris que eu tomo, mas ninguém vê os tombis que eu levo! Copo furadis é disculpa de bebadis, arcu quam euismod magna. Interagi no mé, cursus quis, vehicula ac nisi.', 1, '2018-10-18 13:44:31', '2018-10-31 10:24:14'),
	(15, 1, '2018-10-18 14:09:07', 'teste', 1, '2018-10-18 14:09:07', '2018-10-31 10:24:15'),
	(16, 1, '2018-10-18 14:14:56', 'Teste refresh', 1, '2018-10-18 14:14:56', '2018-10-31 10:24:16'),
	(17, 1, '2018-10-18 14:17:58', 'Teste refresh 2', 1, '2018-10-18 14:17:58', '2018-10-31 10:24:17'),
	(18, 1, '2018-10-18 14:19:58', 'Mussum Ipsum, cacilds vidis litro abertis. Mauris nec dolor in eros commodo tempor. Aenean aliquam molestie leo, vitae iaculis nisl. Todo mundo vê os porris que eu tomo, mas ninguém vê os tombis que eu levo! Copo furadis é disculpa de bebadis, arcu quam euismod magna. Interagi no mé, cursus quis, vehicula ac nisi.', 1, '2018-10-18 14:19:58', '2018-10-31 10:24:19'),
	(19, 1, '2018-10-18 14:31:45', 'Mussum Ipsum, cacilds vidis litro abertis. Mauris nec dolor in eros commodo tempor. Aenean aliquam molestie leo, vitae iaculis nisl. Todo mundo vê os porris que eu tomo, mas ninguém vê os tombis que eu levo! Copo furadis é disculpa de bebadis, arcu quam euismod magna. Interagi no mé, cursus quis, vehicula ac nisi.', 1, '2018-10-18 14:31:45', '2018-10-31 10:52:59'),
	(20, 1, '2018-10-18 14:36:19', 'Mussum Ipsum, cacilds vidis litro abertis. Mauris nec dolor in eros commodo tempor. Aenean aliquam molestie leo, vitae iaculis nisl. Todo mundo vê os porris que eu tomo, mas ninguém vê os tombis que eu levo! Copo furadis é disculpa de bebadis, arcu quam euismod magna. Interagi no mé, cursus quis, vehicula ac nisi.', 1, '2018-10-18 14:36:19', '2018-10-31 10:53:03'),
	(21, 1, '2018-10-18 14:37:23', 'Teste7', 1, '2018-10-18 14:37:23', '2018-10-31 10:39:54'),
	(22, 1, '2018-10-18 14:56:29', 'teste 7', 1, '2018-10-18 14:56:29', '2018-10-31 10:39:55'),
	(23, 1, '2018-10-18 14:59:45', 'Teste teste teste 123', 1, '2018-10-18 14:59:45', '2018-10-31 10:39:57'),
	(24, 1, '2018-10-18 15:01:40', 'Mussum Ipsum, cacilds vidis litro abertis. Mauris nec dolor in eros commodo tempor. Aenean aliquam molestie leo, vitae iaculis nisl. Todo mundo vê os porris que eu tomo, mas ninguém vê os tombis que eu levo! Copo furadis é disculpa de bebadis, arcu quam euismod magna. Interagi no mé, cursus quis, vehicula ac nisi.', 1, '2018-10-18 15:01:40', '2018-10-31 10:53:09'),
	(25, 1, '2018-10-18 15:03:23', 'teste789', 1, '2018-10-18 15:03:23', '2018-10-31 10:39:59'),
	(26, 1, '2018-10-19 12:52:24', 'Teste', 1, '2018-10-19 12:52:24', '2018-10-31 10:40:01'),
	(27, 1, '2018-10-19 13:22:17', 'Mussum Ipsum, cacilds vidis litro abertis. Mauris nec dolor in eros commodo tempor. Aenean aliquam molestie leo, vitae iaculis nisl. Todo mundo vê os porris que eu tomo, mas ninguém vê os tombis que eu levo! Copo furadis é disculpa de bebadis, arcu quam euismod magna. Interagi no mé, cursus quis, vehicula ac nisi.', 1, '2018-10-19 13:22:17', '2018-10-31 10:53:18'),
	(28, 1, '2018-10-19 14:05:05', 'teste teste', 1, '2018-10-19 14:05:05', '2018-10-31 10:40:03'),
	(29, 1, '2018-10-22 11:03:28', 'Teste Mussum Ipsum, cacilds vidis litro abertis. Mauris nec dolor in eros commodo tempor. Aenean aliquam molestie leo, vitae iaculis nisl. Todo mundo vê os porris que eu tomo, mas ninguém vê os tombis que eu levo! Copo furadis é disculpa de bebadis, arcu quam euismod magna. Interagi no mé, cursus quis, vehicula ac nisi.', 0, '2018-10-22 11:03:28', '2018-11-01 09:47:53'),
	(30, 1, '2018-10-22 11:59:40', 'teste data', 1, '2018-10-22 11:59:40', '2018-10-31 10:40:06'),
	(31, 24, '2018-10-22 14:07:17', 'Mussum Ipsum, cacilds vidis litro abertis. Si u mundo tá muito paradis? Toma um mé que o mundo vai girarzis! Admodum accumsan disputationi eu sit. Vide electram sadipscing et per. Copo furadis é disculpa de bebadis, arcu quam euismod magna. Quem manda na minha terra sou euzis!', 0, '2018-10-22 14:07:17', '2018-10-22 14:07:17'),
	(32, 24, '2018-10-22 14:11:18', 'Testando format', 0, '2018-10-22 14:11:18', '2018-10-22 14:11:18'),
	(33, 1, '2018-10-29 14:01:17', 'Teste de inclusão', 1, '2018-10-29 14:01:17', '2018-10-31 10:40:08'),
	(34, 1, '2018-10-29 15:03:35', 'Teste 2 Mussum Ipsum, cacilds vidis litro abertis. Aenean aliquam molestie leo, vitae iaculis nisl. Cevadis im ampola pa arma uma pindureta. Não sou faixa preta cumpadi, sou preto inteiris, inteiris. Quem num gosta di mé, boa gentis num é.', 0, '2018-10-29 15:03:35', '2018-11-01 09:48:18'),
	(35, 1, '2018-10-29 15:15:19', 'teste 7777', 1, '2018-10-29 15:15:19', '2018-10-31 10:40:11'),
	(36, 1, '2018-10-29 15:15:36', 'teste 7', 1, '2018-10-29 15:15:36', '2018-10-31 10:40:13'),
	(37, 1, '2018-10-29 15:17:23', 'Mussum Ipsum, cacilds vidis litro abertis. Aenean aliquam molestie leo, vitae iaculis nisl. Cevadis im ampola pa arma uma pindureta. Não sou faixa preta cumpadi, sou preto inteiris, inteiris. Quem num gosta di mé, boa gentis num é.', 0, '2018-10-29 15:17:23', '2018-10-29 15:17:23');
/*!40000 ALTER TABLE `historico_anotacoes` ENABLE KEYS */;

-- Copiando estrutura para tabela la-gravidanza.horarios
CREATE TABLE IF NOT EXISTS `horarios` (
  `id` int(10) unsigned NOT NULL AUTO_INCREMENT,
  `inicio_consulta` time(2) NOT NULL,
  `fim_consulta` time(2) NOT NULL,
  `horario_especial` tinyint(1) NOT NULL DEFAULT '0',
  `data_horario_especial` datetime DEFAULT NULL,
  `is_deleted` tinyint(1) NOT NULL DEFAULT '0',
  `created_at` timestamp NULL DEFAULT NULL,
  `updated_at` timestamp NULL DEFAULT NULL,
  PRIMARY KEY (`id`)
) ENGINE=InnoDB AUTO_INCREMENT=25 DEFAULT CHARSET=utf8mb4 COLLATE=utf8mb4_unicode_ci;

-- Copiando dados para a tabela la-gravidanza.horarios: ~24 rows (aproximadamente)
DELETE FROM `horarios`;
/*!40000 ALTER TABLE `horarios` DISABLE KEYS */;
INSERT INTO `horarios` (`id`, `inicio_consulta`, `fim_consulta`, `horario_especial`, `data_horario_especial`, `is_deleted`, `created_at`, `updated_at`) VALUES
	(1, '08:00:00.00', '08:30:00.00', 0, NULL, 0, '2018-10-03 12:57:47', '2018-10-03 12:57:47'),
	(2, '08:30:00.00', '09:00:00.00', 0, NULL, 0, '2018-10-03 12:57:47', '2018-10-03 12:57:47'),
	(3, '09:00:00.00', '09:30:00.00', 0, NULL, 0, '2018-10-03 12:57:47', '2018-10-03 12:57:47'),
	(4, '09:30:00.00', '10:00:00.00', 0, NULL, 0, '2018-10-03 12:57:47', '2018-10-03 12:57:47'),
	(5, '10:00:00.00', '10:30:00.00', 0, NULL, 0, '2018-10-03 12:57:47', '2018-10-03 12:57:47'),
	(6, '10:30:00.00', '11:00:00.00', 0, NULL, 0, '2018-10-03 12:57:47', '2018-10-03 12:57:47'),
	(7, '11:00:00.00', '11:30:00.00', 0, NULL, 0, '2018-10-03 12:57:47', '2018-10-03 12:57:47'),
	(8, '11:30:00.00', '12:00:00.00', 0, NULL, 0, '2018-10-03 12:57:47', '2018-10-03 12:57:47'),
	(9, '12:00:00.00', '12:30:00.00', 0, NULL, 0, '2018-10-03 12:57:47', '2018-10-03 12:57:47'),
	(10, '12:30:00.00', '13:00:00.00', 0, NULL, 0, '2018-10-03 12:57:47', '2018-10-03 12:57:47'),
	(11, '13:00:00.00', '13:30:00.00', 0, NULL, 0, '2018-10-03 12:57:47', '2018-10-03 12:57:47'),
	(12, '13:30:00.00', '14:00:00.00', 0, NULL, 0, '2018-10-03 12:57:47', '2018-10-03 12:57:47'),
	(13, '14:00:00.00', '14:30:00.00', 0, NULL, 0, '2018-10-03 12:57:47', '2018-10-03 12:57:47'),
	(14, '14:30:00.00', '15:00:00.00', 0, NULL, 0, '2018-10-03 12:57:47', '2018-10-03 12:57:47'),
	(15, '15:00:00.00', '15:30:00.00', 0, NULL, 0, '2018-10-03 12:57:47', '2018-10-03 12:57:47'),
	(16, '15:30:00.00', '16:00:00.00', 0, NULL, 0, '2018-10-03 12:57:47', '2018-10-03 12:57:47'),
	(17, '16:00:00.00', '16:30:00.00', 0, NULL, 0, '2018-10-03 12:57:47', '2018-10-03 12:57:47'),
	(18, '16:30:00.00', '17:00:00.00', 0, NULL, 0, '2018-10-03 12:57:47', '2018-10-03 12:57:47'),
	(19, '17:00:00.00', '17:30:00.00', 0, NULL, 0, '2018-10-03 12:57:48', '2018-10-03 12:57:48'),
	(20, '17:30:00.00', '18:00:00.00', 0, NULL, 0, '2018-10-03 12:57:48', '2018-10-03 12:57:48'),
	(21, '18:00:00.00', '18:30:00.00', 0, NULL, 0, '2018-10-03 12:57:48', '2018-10-03 12:57:48'),
	(22, '18:30:00.00', '19:00:00.00', 0, NULL, 0, '2018-10-03 12:57:48', '2018-10-03 12:57:48'),
	(23, '19:00:00.00', '19:30:00.00', 0, NULL, 0, '2018-10-03 12:57:48', '2018-10-03 12:57:48'),
	(24, '19:30:00.00', '20:00:00.00', 0, NULL, 0, '2018-10-03 12:57:48', '2018-10-03 12:57:48');
/*!40000 ALTER TABLE `horarios` ENABLE KEYS */;

-- Copiando estrutura para tabela la-gravidanza.medicamentos
CREATE TABLE IF NOT EXISTS `medicamentos` (
  `id` int(10) unsigned NOT NULL AUTO_INCREMENT,
  `principio_ativo` varchar(600) COLLATE utf8mb4_unicode_ci NOT NULL,
  `laboratorio` varchar(600) COLLATE utf8mb4_unicode_ci NOT NULL,
  `registro` varchar(25) COLLATE utf8mb4_unicode_ci NOT NULL,
  `apresentacao` varchar(600) COLLATE utf8mb4_unicode_ci NOT NULL,
  `tarja` varchar(25) COLLATE utf8mb4_unicode_ci NOT NULL,
  `is_deleted` tinyint(1) NOT NULL DEFAULT '0',
  `created_at` timestamp NULL DEFAULT NULL,
  `updated_at` timestamp NULL DEFAULT NULL,
  PRIMARY KEY (`id`)
) ENGINE=InnoDB DEFAULT CHARSET=utf8mb4 COLLATE=utf8mb4_unicode_ci;

-- Copiando dados para a tabela la-gravidanza.medicamentos: ~0 rows (aproximadamente)
DELETE FROM `medicamentos`;
/*!40000 ALTER TABLE `medicamentos` DISABLE KEYS */;
/*!40000 ALTER TABLE `medicamentos` ENABLE KEYS */;

-- Copiando estrutura para tabela la-gravidanza.migrations
CREATE TABLE IF NOT EXISTS `migrations` (
  `id` int(10) unsigned NOT NULL AUTO_INCREMENT,
  `migration` varchar(150) COLLATE utf8mb4_unicode_ci NOT NULL,
  `batch` int(11) NOT NULL,
  PRIMARY KEY (`id`)
) ENGINE=InnoDB AUTO_INCREMENT=30 DEFAULT CHARSET=utf8mb4 COLLATE=utf8mb4_unicode_ci;

-- Copiando dados para a tabela la-gravidanza.migrations: ~29 rows (aproximadamente)
DELETE FROM `migrations`;
/*!40000 ALTER TABLE `migrations` DISABLE KEYS */;
INSERT INTO `migrations` (`id`, `migration`, `batch`) VALUES
	(1, '2014_10_12_000000_create_users_table', 1),
	(2, '2014_10_12_100000_create_password_resets_table', 1),
	(3, '2015_02_23_161101_create_defender_roles_table', 1),
	(4, '2015_02_23_161102_create_defender_permissions_table', 1),
	(5, '2015_02_23_161103_create_defender_role_user_table', 1),
	(6, '2015_02_23_161104_create_defender_permission_user_table', 1),
	(7, '2015_02_23_161105_create_defender_permission_role_table', 1),
	(8, '2016_06_01_000001_create_oauth_auth_codes_table', 1),
	(9, '2016_06_01_000002_create_oauth_access_tokens_table', 1),
	(10, '2016_06_01_000003_create_oauth_refresh_tokens_table', 1),
	(11, '2016_06_01_000004_create_oauth_clients_table', 1),
	(12, '2016_06_01_000005_create_oauth_personal_access_clients_table', 1),
	(13, '2018_08_15_002720_create_horarios_table', 1),
	(14, '2018_08_24_190338_create_tipos_de_consulta_table', 1),
	(15, '2018_08_31_184003_create_exames_table', 1),
	(16, '2018_08_31_184026_create_combos_exames_table', 1),
	(17, '2018_08_31_184315_create_exames_caracteristicas_table', 1),
	(18, '2018_08_31_184401_create_medicamentos_table', 1),
	(19, '2018_08_31_184524_create_consulta_status_table', 1),
	(20, '2018_08_31_184556_create_consulta_andamento_table', 1),
	(21, '2018_08_31_184840_create_convenios_table', 1),
	(22, '2018_08_31_184901_create_pacientes_table', 1),
	(23, '2018_08_31_185046_create_consultas_table', 1),
	(24, '2018_08_31_191910_create_documentos_table', 1),
	(25, '2018_08_31_201544_create_pivot_combos_exames_table', 1),
	(26, '2019_08_31_184645_create_paciente_historico_table', 1),
	(27, '2019_08_31_201839_create_resultados_table', 1),
	(28, '2019_09_01_015912_create_acompanhamentos_table', 1),
	(29, '2019_09_14_212539_create_historico_anotacoes_table', 1);
/*!40000 ALTER TABLE `migrations` ENABLE KEYS */;

-- Copiando estrutura para tabela la-gravidanza.oauth_access_tokens
CREATE TABLE IF NOT EXISTS `oauth_access_tokens` (
  `id` varchar(100) COLLATE utf8mb4_unicode_ci NOT NULL,
  `user_id` int(11) DEFAULT NULL,
  `client_id` int(11) NOT NULL,
  `name` varchar(150) COLLATE utf8mb4_unicode_ci DEFAULT NULL,
  `scopes` text COLLATE utf8mb4_unicode_ci,
  `revoked` tinyint(1) NOT NULL,
  `created_at` timestamp NULL DEFAULT NULL,
  `updated_at` timestamp NULL DEFAULT NULL,
  `expires_at` datetime DEFAULT NULL,
  PRIMARY KEY (`id`),
  KEY `oauth_access_tokens_user_id_index` (`user_id`)
) ENGINE=InnoDB DEFAULT CHARSET=utf8mb4 COLLATE=utf8mb4_unicode_ci;

-- Copiando dados para a tabela la-gravidanza.oauth_access_tokens: ~0 rows (aproximadamente)
DELETE FROM `oauth_access_tokens`;
/*!40000 ALTER TABLE `oauth_access_tokens` DISABLE KEYS */;
/*!40000 ALTER TABLE `oauth_access_tokens` ENABLE KEYS */;

-- Copiando estrutura para tabela la-gravidanza.oauth_auth_codes
CREATE TABLE IF NOT EXISTS `oauth_auth_codes` (
  `id` varchar(100) COLLATE utf8mb4_unicode_ci NOT NULL,
  `user_id` int(11) NOT NULL,
  `client_id` int(11) NOT NULL,
  `scopes` text COLLATE utf8mb4_unicode_ci,
  `revoked` tinyint(1) NOT NULL,
  `expires_at` datetime DEFAULT NULL,
  PRIMARY KEY (`id`)
) ENGINE=InnoDB DEFAULT CHARSET=utf8mb4 COLLATE=utf8mb4_unicode_ci;

-- Copiando dados para a tabela la-gravidanza.oauth_auth_codes: ~0 rows (aproximadamente)
DELETE FROM `oauth_auth_codes`;
/*!40000 ALTER TABLE `oauth_auth_codes` DISABLE KEYS */;
/*!40000 ALTER TABLE `oauth_auth_codes` ENABLE KEYS */;

-- Copiando estrutura para tabela la-gravidanza.oauth_clients
CREATE TABLE IF NOT EXISTS `oauth_clients` (
  `id` int(10) unsigned NOT NULL AUTO_INCREMENT,
  `user_id` int(11) DEFAULT NULL,
  `name` varchar(150) COLLATE utf8mb4_unicode_ci NOT NULL,
  `secret` varchar(100) COLLATE utf8mb4_unicode_ci NOT NULL,
  `redirect` text COLLATE utf8mb4_unicode_ci NOT NULL,
  `personal_access_client` tinyint(1) NOT NULL,
  `password_client` tinyint(1) NOT NULL,
  `revoked` tinyint(1) NOT NULL,
  `created_at` timestamp NULL DEFAULT NULL,
  `updated_at` timestamp NULL DEFAULT NULL,
  PRIMARY KEY (`id`),
  KEY `oauth_clients_user_id_index` (`user_id`)
) ENGINE=InnoDB DEFAULT CHARSET=utf8mb4 COLLATE=utf8mb4_unicode_ci;

-- Copiando dados para a tabela la-gravidanza.oauth_clients: ~0 rows (aproximadamente)
DELETE FROM `oauth_clients`;
/*!40000 ALTER TABLE `oauth_clients` DISABLE KEYS */;
/*!40000 ALTER TABLE `oauth_clients` ENABLE KEYS */;

-- Copiando estrutura para tabela la-gravidanza.oauth_personal_access_clients
CREATE TABLE IF NOT EXISTS `oauth_personal_access_clients` (
  `id` int(10) unsigned NOT NULL AUTO_INCREMENT,
  `client_id` int(11) NOT NULL,
  `created_at` timestamp NULL DEFAULT NULL,
  `updated_at` timestamp NULL DEFAULT NULL,
  PRIMARY KEY (`id`),
  KEY `oauth_personal_access_clients_client_id_index` (`client_id`)
) ENGINE=InnoDB DEFAULT CHARSET=utf8mb4 COLLATE=utf8mb4_unicode_ci;

-- Copiando dados para a tabela la-gravidanza.oauth_personal_access_clients: ~0 rows (aproximadamente)
DELETE FROM `oauth_personal_access_clients`;
/*!40000 ALTER TABLE `oauth_personal_access_clients` DISABLE KEYS */;
/*!40000 ALTER TABLE `oauth_personal_access_clients` ENABLE KEYS */;

-- Copiando estrutura para tabela la-gravidanza.oauth_refresh_tokens
CREATE TABLE IF NOT EXISTS `oauth_refresh_tokens` (
  `id` varchar(100) COLLATE utf8mb4_unicode_ci NOT NULL,
  `access_token_id` varchar(100) COLLATE utf8mb4_unicode_ci NOT NULL,
  `revoked` tinyint(1) NOT NULL,
  `expires_at` datetime DEFAULT NULL,
  PRIMARY KEY (`id`),
  KEY `oauth_refresh_tokens_access_token_id_index` (`access_token_id`)
) ENGINE=InnoDB DEFAULT CHARSET=utf8mb4 COLLATE=utf8mb4_unicode_ci;

-- Copiando dados para a tabela la-gravidanza.oauth_refresh_tokens: ~0 rows (aproximadamente)
DELETE FROM `oauth_refresh_tokens`;
/*!40000 ALTER TABLE `oauth_refresh_tokens` DISABLE KEYS */;
/*!40000 ALTER TABLE `oauth_refresh_tokens` ENABLE KEYS */;

-- Copiando estrutura para tabela la-gravidanza.pacientes
CREATE TABLE IF NOT EXISTS `pacientes` (
  `id` int(10) unsigned NOT NULL AUTO_INCREMENT,
  `matricula` varchar(16) COLLATE utf8mb4_unicode_ci DEFAULT NULL,
  `nome` varchar(50) COLLATE utf8mb4_unicode_ci NOT NULL,
  `data_nascimento` date DEFAULT NULL,
  `sexo` char(1) COLLATE utf8mb4_unicode_ci DEFAULT 'F',
  `estado_civil` varchar(20) COLLATE utf8mb4_unicode_ci DEFAULT NULL,
  `cor` varchar(20) COLLATE utf8mb4_unicode_ci DEFAULT NULL,
  `naturalidade` varchar(100) COLLATE utf8mb4_unicode_ci DEFAULT NULL,
  `grau_instrucao` varchar(20) COLLATE utf8mb4_unicode_ci DEFAULT NULL,
  `rg` varchar(12) COLLATE utf8mb4_unicode_ci NOT NULL,
  `orgao_emissor` varchar(6) COLLATE utf8mb4_unicode_ci DEFAULT NULL,
  `cpf` varchar(12) COLLATE utf8mb4_unicode_ci DEFAULT NULL,
  `titular_cpf` varchar(50) COLLATE utf8mb4_unicode_ci DEFAULT NULL,
  `profissao` varchar(50) COLLATE utf8mb4_unicode_ci DEFAULT NULL,
  `cel` varchar(22) COLLATE utf8mb4_unicode_ci DEFAULT NULL,
  `fixo` varchar(22) COLLATE utf8mb4_unicode_ci DEFAULT NULL,
  `previsao_retorno` date DEFAULT NULL,
  `email` varchar(255) COLLATE utf8mb4_unicode_ci DEFAULT NULL,
  `indicacao` varchar(50) COLLATE utf8mb4_unicode_ci DEFAULT NULL,
  `cep` varchar(9) COLLATE utf8mb4_unicode_ci DEFAULT NULL,
  `logradouro` varchar(255) COLLATE utf8mb4_unicode_ci DEFAULT NULL,
  `complemento` varchar(255) COLLATE utf8mb4_unicode_ci DEFAULT NULL,
  `bairro` varchar(50) COLLATE utf8mb4_unicode_ci DEFAULT NULL,
  `cidade` varchar(50) COLLATE utf8mb4_unicode_ci DEFAULT NULL,
  `uf` varchar(2) COLLATE utf8mb4_unicode_ci DEFAULT NULL,
  `observacao` text COLLATE utf8mb4_unicode_ci,
  `foto` text COLLATE utf8mb4_unicode_ci,
  `user_id_created` int(10) unsigned NOT NULL,
  `user_id_updated` int(10) unsigned NOT NULL,
  `convenio_id` int(10) unsigned NOT NULL,
  `is_deleted` tinyint(1) NOT NULL DEFAULT '0',
  `created_at` timestamp NULL DEFAULT NULL,
  `updated_at` timestamp NULL DEFAULT NULL,
  PRIMARY KEY (`id`),
  KEY `pacientes_user_id_created_foreign` (`user_id_created`),
  KEY `pacientes_user_id_updated_foreign` (`user_id_updated`),
  KEY `pacientes_convenio_id_foreign` (`convenio_id`),
  CONSTRAINT `pacientes_convenio_id_foreign` FOREIGN KEY (`convenio_id`) REFERENCES `convenios` (`id`) ON DELETE CASCADE ON UPDATE CASCADE,
  CONSTRAINT `pacientes_user_id_created_foreign` FOREIGN KEY (`user_id_created`) REFERENCES `users` (`id`),
  CONSTRAINT `pacientes_user_id_updated_foreign` FOREIGN KEY (`user_id_updated`) REFERENCES `users` (`id`)
) ENGINE=InnoDB AUTO_INCREMENT=30 DEFAULT CHARSET=utf8mb4 COLLATE=utf8mb4_unicode_ci;

-- Copiando dados para a tabela la-gravidanza.pacientes: ~26 rows (aproximadamente)
DELETE FROM `pacientes`;
/*!40000 ALTER TABLE `pacientes` DISABLE KEYS */;
INSERT INTO `pacientes` (`id`, `matricula`, `nome`, `data_nascimento`, `sexo`, `estado_civil`, `cor`, `naturalidade`, `grau_instrucao`, `rg`, `orgao_emissor`, `cpf`, `titular_cpf`, `profissao`, `cel`, `fixo`, `previsao_retorno`, `email`, `indicacao`, `cep`, `logradouro`, `complemento`, `bairro`, `cidade`, `uf`, `observacao`, `foto`, `user_id_created`, `user_id_updated`, `convenio_id`, `is_deleted`, `created_at`, `updated_at`) VALUES
	(1, '414658910', 'Luisa Farrell', '2014-11-04', 'm', 'solteiro(a)', 'branco', 'Greece', 'superior', '46.894.596-7', 'SSP-SP', '46.869.896-3', NULL, 'Technical Director', '+1-891-930-4492', '(427) 202-0249', '1996-12-06', 'mcclure.benny@yahoo.com', 'Meagan Bergnaum', NULL, '7401 Smith Tunnel\nVerdiehaven, MO 83561-3285', '13', 'Farrellmouth', 'South Louveniachester', 'SP', 'Minima suscipit eveniet voluptatem sunt fuga ut hic. Debitis eum id in et et omnis velit consequatur. Eum aperiam fugiat et aut. Unde qui quisquam enim molestiae ea consectetur tempora.', NULL, 1, 1, 15, 0, '2018-10-03 12:57:49', '2018-10-03 12:57:49'),
	(2, '5683007463719', 'Sally Runolfsson', '2006-12-27', 'm', 'viúvo(a)', 'negro', 'Guadeloupe', 'ensino médio', '46.894.596-7', 'SSP-SP', '46.746.626-9', NULL, 'Advertising Sales Agent', '(561) 938-8920 x5233', '267.258.0592 x9405', '1986-11-15', 'hailee.windler@yahoo.com', 'Myra Okuneva', NULL, '109 Chanelle Coves Apt. 289\nUptonchester, KS 36825-3319', '44', 'Jadonbury', 'Joshuabury', 'SP', 'Occaecati ut rerum adipisci voluptas optio. Vel quod voluptatem praesentium est iure sit non. Ipsam nam molestias id quis corporis corrupti.', NULL, 1, 1, 14, 0, '2018-10-03 12:57:49', '2018-10-03 12:57:49'),
	(3, '31936255723', 'Jammie Gorczany', '2007-09-12', 'f', 'viúvo(a)', 'branco', 'Croatia', 'superior', '46.870.899-7', 'SSP-SP', '46.869.896-3', NULL, 'Environmental Compliance Inspector', '(663) 933-3862', '568-673-9779', '2011-11-01', 'abernathy.tomas@hotmail.com', 'Olin Keebler', NULL, '6287 Ara Curve Suite 154\nAliyaland, AL 05539', '47', 'Gaylordhaven', 'South Jovanyport', 'SP', 'Nam quasi harum quasi soluta illo. Cumque sequi non nam autem voluptas. Adipisci quos amet consectetur et soluta. Veritatis natus perspiciatis quia labore.', NULL, 1, 1, 6, 0, '2018-10-03 12:57:49', '2018-10-03 12:57:49'),
	(4, '279062036557', 'Leland Block DVM', '1981-05-31', 'm', 'casado(a)', 'oriental', 'Libyan Arab Jamahiriya', 'superior', '46.815.799-7', 'SSP-SP', '33.731.002-6', NULL, 'Maid', '(931) 348-9785', '(921) 638-1478 x2600', '2014-04-04', 'pauline.dooley@ondricka.com', 'Mr. Scotty Grant IV', NULL, '7020 Sim Canyon\nGloverland, AZ 59160', '44', 'West Malachi', 'East Ethanfurt', 'SP', 'Sunt voluptatibus nulla maxime enim omnis. Voluptate autem ipsa quas nisi architecto ullam voluptas aspernatur. Est omnis cumque occaecati.', NULL, 1, 1, 12, 0, '2018-10-03 12:57:49', '2018-10-03 12:57:49'),
	(5, '0613589986998', 'Logan Schmidt', '1992-09-01', 'f', 'casado(a)', 'negro', 'Faroe Islands', 'ensino médio', '46.746.626-9', 'SSP-SP', '46.884.899-2', NULL, 'Refinery Operator', '1-782-875-2079', '1-669-772-3301', '1995-09-05', 'zfadel@smith.biz', 'Mrs. Carmela McGlynn', NULL, '76051 Selmer Lodge\nKoeppmouth, CA 77268-1917', '38', 'Lake Jillian', 'West Camdenborough', 'SP', 'Assumenda et et explicabo excepturi minus distinctio. Dolorem facilis aut labore iusto sed ullam ea.', NULL, 1, 1, 9, 0, '2018-10-03 12:57:49', '2018-10-03 12:57:49'),
	(6, '002.602.378-82', 'Teste Marcar Consulta', NULL, 'F', NULL, NULL, NULL, NULL, '12.345.678-9', NULL, NULL, NULL, NULL, NULL, NULL, NULL, NULL, NULL, NULL, NULL, NULL, NULL, NULL, NULL, NULL, NULL, 1, 1, 1, 0, '2018-10-05 12:35:09', '2018-10-05 12:35:09'),
	(7, '005.917.570-75', 'Teste Consulta 2', NULL, 'F', NULL, NULL, NULL, NULL, '98.765.432-1', NULL, NULL, NULL, NULL, NULL, NULL, NULL, NULL, NULL, NULL, NULL, NULL, NULL, NULL, NULL, NULL, NULL, 1, 1, 7, 0, '2018-10-05 12:37:15', '2018-10-05 12:37:15'),
	(8, '004.766.888-46', 'Teste Agendamento teste', NULL, 'F', NULL, NULL, NULL, NULL, '15.935.778-9', NULL, NULL, NULL, NULL, NULL, NULL, NULL, NULL, NULL, NULL, NULL, NULL, NULL, NULL, NULL, NULL, NULL, 1, 1, 4, 0, '2018-10-05 12:41:45', '2018-10-05 12:41:45'),
	(9, '002.987.528-77', 'Teste 1', NULL, 'F', NULL, NULL, NULL, NULL, '12.345.687-9', NULL, NULL, NULL, NULL, NULL, NULL, NULL, NULL, NULL, NULL, NULL, NULL, NULL, NULL, NULL, NULL, NULL, 1, 1, 1, 0, '2018-10-05 13:42:21', '2018-10-05 13:42:21'),
	(10, '004.198.054-77', 'Teste 2', NULL, 'F', NULL, NULL, NULL, NULL, '35.795.112-3', NULL, NULL, NULL, NULL, NULL, NULL, NULL, NULL, NULL, NULL, NULL, NULL, NULL, NULL, NULL, NULL, NULL, 1, 1, 7, 0, '2018-10-05 13:43:01', '2018-10-05 13:43:01'),
	(11, '001.963.490-30', 'Teste 3', NULL, 'F', NULL, NULL, NULL, NULL, '15.975.312-3', NULL, NULL, NULL, NULL, NULL, NULL, NULL, NULL, NULL, NULL, NULL, NULL, NULL, NULL, NULL, NULL, NULL, 1, 1, 4, 0, '2018-10-05 13:43:41', '2018-10-05 13:43:41'),
	(12, '005.030.673-79', 'Teste 4', NULL, 'F', NULL, NULL, NULL, NULL, '45.612.379-8', NULL, NULL, NULL, NULL, NULL, NULL, NULL, NULL, NULL, NULL, NULL, NULL, NULL, NULL, NULL, NULL, NULL, 1, 1, 17, 0, '2018-10-05 13:44:21', '2018-10-05 13:44:21'),
	(13, '007.287.103-66', 'Teste 5', NULL, 'F', NULL, NULL, NULL, NULL, '45.789.123-5', NULL, NULL, NULL, NULL, NULL, NULL, NULL, NULL, NULL, NULL, NULL, NULL, NULL, NULL, NULL, NULL, NULL, 1, 1, 16, 0, '2018-10-05 13:45:06', '2018-10-05 13:45:06'),
	(14, '003.321.187-47', 'Teste 6', NULL, 'F', NULL, NULL, NULL, NULL, '78.945.613-3', NULL, NULL, NULL, NULL, NULL, NULL, NULL, NULL, NULL, NULL, NULL, NULL, NULL, NULL, NULL, NULL, NULL, 1, 1, 21, 0, '2018-10-05 13:45:52', '2018-10-05 13:45:52'),
	(15, '001.094.163-94', 'Teste 7', NULL, 'F', NULL, NULL, NULL, NULL, '95.135.785-2', NULL, NULL, NULL, NULL, NULL, NULL, NULL, NULL, NULL, NULL, NULL, NULL, NULL, NULL, NULL, NULL, NULL, 1, 1, 9, 0, '2018-10-05 13:46:49', '2018-10-05 13:46:49'),
	(16, '006.886.316-59', 'Teste 8', NULL, 'F', NULL, NULL, NULL, NULL, '98.732.165-4', NULL, NULL, NULL, NULL, NULL, NULL, NULL, NULL, NULL, NULL, NULL, NULL, NULL, NULL, NULL, NULL, NULL, 1, 1, 10, 0, '2018-10-05 13:48:08', '2018-10-05 13:48:08'),
	(17, '008.673.457-64', 'teste 9', NULL, 'F', NULL, NULL, NULL, NULL, '12.378.965-4', NULL, NULL, NULL, NULL, NULL, NULL, NULL, NULL, NULL, NULL, NULL, NULL, NULL, NULL, NULL, NULL, NULL, 1, 1, 12, 0, '2018-10-05 13:48:45', '2018-10-05 13:48:45'),
	(18, '000.982.803-78', 'Teste 10', NULL, 'F', NULL, NULL, NULL, NULL, '32.198.765-4', NULL, NULL, NULL, NULL, NULL, NULL, NULL, NULL, NULL, NULL, NULL, NULL, NULL, NULL, NULL, NULL, NULL, 1, 1, 9, 0, '2018-10-05 13:49:29', '2018-10-05 13:49:29'),
	(19, '007.669.919-12', 'teste 10', NULL, 'F', NULL, NULL, NULL, NULL, '98.765.431-1', NULL, NULL, NULL, NULL, NULL, NULL, NULL, NULL, NULL, NULL, NULL, NULL, NULL, NULL, NULL, NULL, NULL, 1, 1, 17, 0, '2018-10-05 13:50:07', '2018-10-05 13:50:07'),
	(20, '003.898.213-12', 'teste 12', NULL, 'F', NULL, NULL, NULL, NULL, '68.735.412-6', NULL, NULL, NULL, NULL, NULL, NULL, NULL, NULL, NULL, NULL, NULL, NULL, NULL, NULL, NULL, NULL, NULL, 1, 1, 19, 0, '2018-10-05 13:50:38', '2018-10-05 13:50:38'),
	(21, '004.571.854-13', 'teste 13', NULL, 'F', NULL, NULL, NULL, NULL, '36.512.587-4', NULL, NULL, NULL, NULL, NULL, NULL, NULL, NULL, NULL, NULL, NULL, NULL, NULL, NULL, NULL, NULL, NULL, 1, 1, 17, 0, '2018-10-05 13:51:10', '2018-10-05 13:51:10'),
	(22, '006.502.913-96', 'Teste 14', NULL, 'F', NULL, NULL, NULL, NULL, '78.525.415-9', NULL, NULL, NULL, NULL, NULL, NULL, NULL, NULL, NULL, NULL, NULL, NULL, NULL, NULL, NULL, NULL, NULL, 1, 1, 14, 0, '2018-10-05 13:51:59', '2018-10-05 13:51:59'),
	(23, '007.667.211-63', 'Teste 15', NULL, 'F', NULL, NULL, NULL, NULL, '65.845.235-7', NULL, NULL, NULL, NULL, NULL, NULL, NULL, NULL, NULL, NULL, NULL, NULL, NULL, NULL, NULL, NULL, NULL, 1, 1, 17, 0, '2018-10-05 13:52:34', '2018-10-05 13:52:34'),
	(24, '003.551.772-04', 'Teste 16', NULL, 'F', NULL, NULL, NULL, NULL, '96.325.874-1', NULL, NULL, NULL, NULL, NULL, NULL, NULL, NULL, NULL, NULL, NULL, NULL, NULL, NULL, NULL, NULL, NULL, 1, 1, 13, 0, '2018-10-05 13:53:19', '2018-10-05 13:53:19'),
	(25, '003.865.509-04', 'Teste 17', NULL, 'F', NULL, NULL, NULL, NULL, '14.725.836-9', NULL, NULL, NULL, NULL, NULL, NULL, NULL, NULL, NULL, NULL, NULL, NULL, NULL, NULL, NULL, NULL, NULL, 1, 1, 5, 0, '2018-10-05 13:53:56', '2018-10-05 13:53:56'),
	(26, '004.520.911-05', 'Teste 18', NULL, 'F', NULL, NULL, NULL, NULL, '25.836.914-7', NULL, NULL, NULL, NULL, NULL, NULL, NULL, NULL, NULL, NULL, NULL, NULL, NULL, NULL, NULL, NULL, NULL, 1, 1, 7, 0, '2018-10-05 13:54:26', '2018-10-05 13:54:26'),
	(27, '001.253.366-86', 'Teste 19', NULL, 'F', NULL, NULL, NULL, NULL, '96.385.274-1', NULL, NULL, NULL, NULL, NULL, NULL, NULL, NULL, NULL, NULL, NULL, NULL, NULL, NULL, NULL, NULL, NULL, 1, 1, 9, 0, '2018-10-05 13:55:04', '2018-10-05 13:55:04'),
	(28, '008.152.585-67', 'Teste 20', NULL, 'F', NULL, NULL, NULL, NULL, '25.815.935-7', NULL, NULL, NULL, NULL, NULL, NULL, NULL, NULL, NULL, NULL, NULL, NULL, NULL, NULL, NULL, NULL, NULL, 1, 1, 14, 0, '2018-10-05 13:55:56', '2018-10-05 13:55:56'),
	(29, '001.081.368-07', 'jhgkdjaghkj', NULL, 'F', NULL, NULL, NULL, NULL, '46.823.789-9', NULL, NULL, NULL, NULL, NULL, NULL, NULL, NULL, NULL, NULL, NULL, NULL, NULL, NULL, NULL, NULL, NULL, 1, 1, 7, 0, '2018-10-05 17:22:39', '2018-10-05 17:22:39');
/*!40000 ALTER TABLE `pacientes` ENABLE KEYS */;

-- Copiando estrutura para tabela la-gravidanza.paciente_historico
CREATE TABLE IF NOT EXISTS `paciente_historico` (
  `id` int(10) unsigned NOT NULL AUTO_INCREMENT,
  `paciente_id` int(10) unsigned NOT NULL,
  `doutor_id` int(10) unsigned NOT NULL,
  `is_deleted` tinyint(1) NOT NULL DEFAULT '0',
  `created_at` timestamp NULL DEFAULT NULL,
  `updated_at` timestamp NULL DEFAULT NULL,
  PRIMARY KEY (`id`),
  KEY `paciente_historico_paciente_id_foreign` (`paciente_id`),
  KEY `paciente_historico_doutor_id_foreign` (`doutor_id`),
  CONSTRAINT `paciente_historico_doutor_id_foreign` FOREIGN KEY (`doutor_id`) REFERENCES `users` (`id`) ON DELETE CASCADE ON UPDATE CASCADE,
  CONSTRAINT `paciente_historico_paciente_id_foreign` FOREIGN KEY (`paciente_id`) REFERENCES `pacientes` (`id`) ON DELETE CASCADE ON UPDATE CASCADE
) ENGINE=InnoDB AUTO_INCREMENT=26 DEFAULT CHARSET=utf8mb4 COLLATE=utf8mb4_unicode_ci;

-- Copiando dados para a tabela la-gravidanza.paciente_historico: ~21 rows (aproximadamente)
DELETE FROM `paciente_historico`;
/*!40000 ALTER TABLE `paciente_historico` DISABLE KEYS */;
INSERT INTO `paciente_historico` (`id`, `paciente_id`, `doutor_id`, `is_deleted`, `created_at`, `updated_at`) VALUES
	(1, 6, 2, 0, '2018-10-05 12:35:09', '2018-10-05 12:35:09'),
	(2, 7, 9, 0, '2018-10-05 12:37:15', '2018-10-05 12:37:15'),
	(3, 8, 2, 0, '2018-10-05 12:41:45', '2018-10-05 12:41:45'),
	(4, 9, 9, 0, '2018-10-05 13:42:22', '2018-10-05 13:42:22'),
	(5, 10, 9, 0, '2018-10-05 13:43:01', '2018-10-05 13:43:01'),
	(6, 11, 9, 0, '2018-10-05 13:43:41', '2018-10-05 13:43:41'),
	(7, 12, 9, 0, '2018-10-05 13:44:21', '2018-10-05 13:44:21'),
	(8, 13, 9, 0, '2018-10-05 13:45:06', '2018-10-05 13:45:06'),
	(9, 14, 9, 0, '2018-10-05 13:45:52', '2018-10-05 13:45:52'),
	(10, 15, 9, 0, '2018-10-05 13:46:49', '2018-10-05 13:46:49'),
	(11, 16, 9, 0, '2018-10-05 13:48:08', '2018-10-05 13:48:08'),
	(12, 17, 9, 0, '2018-10-05 13:48:45', '2018-10-05 13:48:45'),
	(13, 18, 9, 0, '2018-10-05 13:49:30', '2018-10-05 13:49:30'),
	(14, 19, 9, 0, '2018-10-05 13:50:07', '2018-10-05 13:50:07'),
	(15, 20, 9, 0, '2018-10-05 13:50:38', '2018-10-05 13:50:38'),
	(16, 21, 9, 0, '2018-10-05 13:51:10', '2018-10-05 13:51:10'),
	(17, 22, 9, 0, '2018-10-05 13:51:59', '2018-10-05 13:51:59'),
	(18, 23, 9, 0, '2018-10-05 13:52:34', '2018-10-05 13:52:34'),
	(19, 24, 9, 0, '2018-10-05 13:53:19', '2018-10-05 13:53:19'),
	(20, 25, 9, 0, '2018-10-05 13:53:56', '2018-10-05 13:53:56'),
	(21, 26, 9, 0, '2018-10-05 13:54:27', '2018-10-05 13:54:27'),
	(22, 27, 9, 0, '2018-10-05 13:55:04', '2018-10-05 13:55:04'),
	(23, 28, 9, 0, '2018-10-05 13:55:56', '2018-10-05 13:55:56'),
	(24, 29, 2, 0, '2018-10-05 17:22:39', '2018-10-05 17:22:39'),
	(25, 6, 9, 0, '2018-10-08 12:28:22', '2018-10-08 12:28:22');
/*!40000 ALTER TABLE `paciente_historico` ENABLE KEYS */;

-- Copiando estrutura para tabela la-gravidanza.password_resets
CREATE TABLE IF NOT EXISTS `password_resets` (
  `email` varchar(150) COLLATE utf8mb4_unicode_ci NOT NULL,
  `token` varchar(150) COLLATE utf8mb4_unicode_ci NOT NULL,
  `created_at` timestamp NULL DEFAULT NULL,
  KEY `password_resets_email_index` (`email`)
) ENGINE=InnoDB DEFAULT CHARSET=utf8mb4 COLLATE=utf8mb4_unicode_ci;

-- Copiando dados para a tabela la-gravidanza.password_resets: ~0 rows (aproximadamente)
DELETE FROM `password_resets`;
/*!40000 ALTER TABLE `password_resets` DISABLE KEYS */;
/*!40000 ALTER TABLE `password_resets` ENABLE KEYS */;

-- Copiando estrutura para tabela la-gravidanza.permissions
CREATE TABLE IF NOT EXISTS `permissions` (
  `id` int(10) unsigned NOT NULL AUTO_INCREMENT,
  `name` varchar(150) COLLATE utf8mb4_unicode_ci NOT NULL,
  `readable_name` varchar(150) COLLATE utf8mb4_unicode_ci NOT NULL,
  `created_at` timestamp NULL DEFAULT NULL,
  `updated_at` timestamp NULL DEFAULT NULL,
  PRIMARY KEY (`id`),
  UNIQUE KEY `permissions_name_unique` (`name`)
) ENGINE=InnoDB DEFAULT CHARSET=utf8mb4 COLLATE=utf8mb4_unicode_ci;

-- Copiando dados para a tabela la-gravidanza.permissions: ~0 rows (aproximadamente)
DELETE FROM `permissions`;
/*!40000 ALTER TABLE `permissions` DISABLE KEYS */;
/*!40000 ALTER TABLE `permissions` ENABLE KEYS */;

-- Copiando estrutura para tabela la-gravidanza.permission_role
CREATE TABLE IF NOT EXISTS `permission_role` (
  `permission_id` int(10) unsigned NOT NULL,
  `role_id` int(10) unsigned NOT NULL,
  `value` tinyint(4) NOT NULL DEFAULT '-1',
  `expires` timestamp NULL DEFAULT NULL,
  KEY `permission_role_permission_id_index` (`permission_id`),
  KEY `permission_role_role_id_index` (`role_id`),
  CONSTRAINT `permission_role_permission_id_foreign` FOREIGN KEY (`permission_id`) REFERENCES `permissions` (`id`) ON DELETE CASCADE,
  CONSTRAINT `permission_role_role_id_foreign` FOREIGN KEY (`role_id`) REFERENCES `roles` (`id`) ON DELETE CASCADE
) ENGINE=InnoDB DEFAULT CHARSET=utf8mb4 COLLATE=utf8mb4_unicode_ci;

-- Copiando dados para a tabela la-gravidanza.permission_role: ~0 rows (aproximadamente)
DELETE FROM `permission_role`;
/*!40000 ALTER TABLE `permission_role` DISABLE KEYS */;
/*!40000 ALTER TABLE `permission_role` ENABLE KEYS */;

-- Copiando estrutura para tabela la-gravidanza.permission_user
CREATE TABLE IF NOT EXISTS `permission_user` (
  `user_id` int(10) unsigned NOT NULL,
  `permission_id` int(10) unsigned NOT NULL,
  `value` tinyint(4) NOT NULL DEFAULT '-1',
  `expires` timestamp NULL DEFAULT NULL,
  KEY `permission_user_user_id_index` (`user_id`),
  KEY `permission_user_permission_id_index` (`permission_id`),
  CONSTRAINT `permission_user_permission_id_foreign` FOREIGN KEY (`permission_id`) REFERENCES `permissions` (`id`) ON DELETE CASCADE,
  CONSTRAINT `permission_user_user_id_foreign` FOREIGN KEY (`user_id`) REFERENCES `users` (`id`) ON DELETE CASCADE
) ENGINE=InnoDB DEFAULT CHARSET=utf8mb4 COLLATE=utf8mb4_unicode_ci;

-- Copiando dados para a tabela la-gravidanza.permission_user: ~0 rows (aproximadamente)
DELETE FROM `permission_user`;
/*!40000 ALTER TABLE `permission_user` DISABLE KEYS */;
/*!40000 ALTER TABLE `permission_user` ENABLE KEYS */;

-- Copiando estrutura para tabela la-gravidanza.pivot_combos_exames
CREATE TABLE IF NOT EXISTS `pivot_combos_exames` (
  `id` int(10) unsigned NOT NULL AUTO_INCREMENT,
  `folha` int(11) NOT NULL DEFAULT '1',
  `combo_exame_id` int(10) unsigned NOT NULL,
  `exame_id` int(10) unsigned NOT NULL,
  `created_at` timestamp NULL DEFAULT NULL,
  `updated_at` timestamp NULL DEFAULT NULL,
  PRIMARY KEY (`id`),
  KEY `pivot_combos_exames_combo_exame_id_foreign` (`combo_exame_id`),
  KEY `pivot_combos_exames_exame_id_foreign` (`exame_id`),
  CONSTRAINT `pivot_combos_exames_combo_exame_id_foreign` FOREIGN KEY (`combo_exame_id`) REFERENCES `combos_exames` (`id`) ON DELETE CASCADE ON UPDATE CASCADE,
  CONSTRAINT `pivot_combos_exames_exame_id_foreign` FOREIGN KEY (`exame_id`) REFERENCES `exames` (`id`) ON DELETE CASCADE ON UPDATE CASCADE
) ENGINE=InnoDB AUTO_INCREMENT=3 DEFAULT CHARSET=utf8mb4 COLLATE=utf8mb4_unicode_ci;

-- Copiando dados para a tabela la-gravidanza.pivot_combos_exames: ~2 rows (aproximadamente)
DELETE FROM `pivot_combos_exames`;
/*!40000 ALTER TABLE `pivot_combos_exames` DISABLE KEYS */;
INSERT INTO `pivot_combos_exames` (`id`, `folha`, `combo_exame_id`, `exame_id`, `created_at`, `updated_at`) VALUES
	(1, 1, 1, 976, NULL, NULL),
	(2, 1, 1, 825, NULL, NULL);
/*!40000 ALTER TABLE `pivot_combos_exames` ENABLE KEYS */;

-- Copiando estrutura para tabela la-gravidanza.resultados
CREATE TABLE IF NOT EXISTS `resultados` (
  `id` int(10) unsigned NOT NULL AUTO_INCREMENT,
  `valor` text COLLATE utf8mb4_unicode_ci NOT NULL,
  `historico_id` int(10) unsigned NOT NULL,
  `caracteristica_exame_id` int(10) unsigned NOT NULL,
  `created_at` timestamp NULL DEFAULT NULL,
  `updated_at` timestamp NULL DEFAULT NULL,
  PRIMARY KEY (`id`),
  KEY `resultados_historico_id_foreign` (`historico_id`),
  KEY `resultados_caracteristica_exame_id_foreign` (`caracteristica_exame_id`),
  CONSTRAINT `resultados_caracteristica_exame_id_foreign` FOREIGN KEY (`caracteristica_exame_id`) REFERENCES `exames_caracteristicas` (`id`) ON DELETE CASCADE ON UPDATE CASCADE,
  CONSTRAINT `resultados_historico_id_foreign` FOREIGN KEY (`historico_id`) REFERENCES `paciente_historico` (`id`) ON DELETE CASCADE ON UPDATE CASCADE
) ENGINE=InnoDB DEFAULT CHARSET=utf8mb4 COLLATE=utf8mb4_unicode_ci;

-- Copiando dados para a tabela la-gravidanza.resultados: ~0 rows (aproximadamente)
DELETE FROM `resultados`;
/*!40000 ALTER TABLE `resultados` DISABLE KEYS */;
/*!40000 ALTER TABLE `resultados` ENABLE KEYS */;

-- Copiando estrutura para tabela la-gravidanza.roles
CREATE TABLE IF NOT EXISTS `roles` (
  `id` int(10) unsigned NOT NULL AUTO_INCREMENT,
  `name` varchar(150) COLLATE utf8mb4_unicode_ci NOT NULL,
  `created_at` timestamp NULL DEFAULT NULL,
  `updated_at` timestamp NULL DEFAULT NULL,
  PRIMARY KEY (`id`),
  UNIQUE KEY `roles_name_unique` (`name`)
) ENGINE=InnoDB AUTO_INCREMENT=4 DEFAULT CHARSET=utf8mb4 COLLATE=utf8mb4_unicode_ci;

-- Copiando dados para a tabela la-gravidanza.roles: ~3 rows (aproximadamente)
DELETE FROM `roles`;
/*!40000 ALTER TABLE `roles` DISABLE KEYS */;
INSERT INTO `roles` (`id`, `name`, `created_at`, `updated_at`) VALUES
	(1, 'ADMIN', '2018-10-03 12:57:45', '2018-10-03 12:57:45'),
	(2, 'DOUTOR', '2018-10-03 12:57:45', '2018-10-03 12:57:45'),
	(3, 'USER', '2018-10-03 12:57:45', '2018-10-03 12:57:45');
/*!40000 ALTER TABLE `roles` ENABLE KEYS */;

-- Copiando estrutura para tabela la-gravidanza.role_user
CREATE TABLE IF NOT EXISTS `role_user` (
  `user_id` int(10) unsigned NOT NULL,
  `role_id` int(10) unsigned NOT NULL,
  KEY `role_user_user_id_index` (`user_id`),
  KEY `role_user_role_id_index` (`role_id`),
  CONSTRAINT `role_user_role_id_foreign` FOREIGN KEY (`role_id`) REFERENCES `roles` (`id`) ON DELETE CASCADE,
  CONSTRAINT `role_user_user_id_foreign` FOREIGN KEY (`user_id`) REFERENCES `users` (`id`) ON DELETE CASCADE
) ENGINE=InnoDB DEFAULT CHARSET=utf8mb4 COLLATE=utf8mb4_unicode_ci;

-- Copiando dados para a tabela la-gravidanza.role_user: ~12 rows (aproximadamente)
DELETE FROM `role_user`;
/*!40000 ALTER TABLE `role_user` DISABLE KEYS */;
INSERT INTO `role_user` (`user_id`, `role_id`) VALUES
	(1, 1),
	(2, 2),
	(3, 3),
	(4, 3),
	(5, 3),
	(6, 3),
	(7, 3),
	(8, 2),
	(9, 2),
	(10, 2),
	(11, 2),
	(12, 2);
/*!40000 ALTER TABLE `role_user` ENABLE KEYS */;

-- Copiando estrutura para tabela la-gravidanza.tipos_de_consulta
CREATE TABLE IF NOT EXISTS `tipos_de_consulta` (
  `id` int(10) unsigned NOT NULL AUTO_INCREMENT,
  `nome` varchar(250) COLLATE utf8mb4_unicode_ci NOT NULL,
  `is_deleted` tinyint(1) NOT NULL DEFAULT '0',
  `created_at` timestamp NULL DEFAULT NULL,
  `updated_at` timestamp NULL DEFAULT NULL,
  PRIMARY KEY (`id`)
) ENGINE=InnoDB AUTO_INCREMENT=105 DEFAULT CHARSET=utf8mb4 COLLATE=utf8mb4_unicode_ci;

-- Copiando dados para a tabela la-gravidanza.tipos_de_consulta: ~100 rows (aproximadamente)
DELETE FROM `tipos_de_consulta`;
/*!40000 ALTER TABLE `tipos_de_consulta` DISABLE KEYS */;
INSERT INTO `tipos_de_consulta` (`id`, `nome`, `is_deleted`, `created_at`, `updated_at`) VALUES
	(1, 'Consulta', 0, '2018-10-03 13:04:37', '2018-10-03 13:04:37'),
	(2, 'Retorno', 0, '2018-10-03 13:04:38', '2018-10-03 13:04:38'),
	(3, 'Resultado de exame', 0, '2018-10-03 13:04:38', '2018-10-03 13:04:38'),
	(4, 'PRÉ NATAL', 0, '2018-10-03 13:04:38', '2018-10-03 13:04:38'),
	(5, 'Primeira Consulta', 0, '2018-10-03 13:04:38', '2018-10-03 13:04:38'),
	(6, 'ENCAIXE GESTANTE C DOR', 0, '2018-10-03 13:04:38', '2018-10-03 13:04:38'),
	(7, 'PRÉ NATAL/RETORNO', 0, '2018-10-03 13:04:38', '2018-10-03 13:04:38'),
	(8, 'RESULTADO DE EXAMES', 0, '2018-10-03 13:04:38', '2018-10-03 13:04:38'),
	(9, 'TIRAR PONTOS', 0, '2018-10-03 13:04:38', '2018-10-03 13:04:38'),
	(10, 'PACIENTE C DOR', 0, '2018-10-03 13:04:38', '2018-10-03 13:04:38'),
	(11, 'SOCIAL', 0, '2018-10-03 13:04:38', '2018-10-03 13:04:38'),
	(12, 'GESTANTE', 0, '2018-10-03 13:04:38', '2018-10-03 13:04:38'),
	(13, 'TIRAR PONTOS/CONSULTA', 0, '2018-10-03 13:04:38', '2018-10-03 13:04:38'),
	(14, 'RECEM GESTANTE C SANGRAMENTO', 0, '2018-10-03 13:04:38', '2018-10-03 13:04:38'),
	(15, 'GESTANTE C URGENCIA/ENCAIXE', 0, '2018-10-03 13:04:38', '2018-10-03 13:04:38'),
	(16, 'PRIMEIRA PRÉ NATAL', 0, '2018-10-03 13:04:38', '2018-10-03 13:04:38'),
	(17, 'PRÉ NATAL/INICIO', 0, '2018-10-03 13:04:38', '2018-10-03 13:04:38'),
	(18, 'PRIMEIRA CONSULTA GEST', 0, '2018-10-03 13:04:38', '2018-10-03 13:04:38'),
	(19, 'CAUTERIZAÇAO', 0, '2018-10-03 13:04:38', '2018-10-03 13:04:38'),
	(20, 'RETIRAR PONTOS', 0, '2018-10-03 13:04:38', '2018-10-03 13:04:38'),
	(21, 'ENCAIXE PLA DRA', 0, '2018-10-03 13:04:38', '2018-10-03 13:04:38'),
	(22, 'ENCAIXE GESTANTE', 0, '2018-10-03 13:04:38', '2018-10-03 13:04:38'),
	(23, 'ENCAIXE', 0, '2018-10-03 13:04:38', '2018-10-03 13:04:38'),
	(24, 'PRÉ NATAL ALTO RISCO ENCAIXE/R', 0, '2018-10-03 13:04:38', '2018-10-03 13:04:38'),
	(25, 'ENCAIXE GESTANTE HA', 0, '2018-10-03 13:04:38', '2018-10-03 13:04:38'),
	(26, 'GESTANTE PASSANDO MAL/RETORNO', 0, '2018-10-03 13:04:38', '2018-10-03 13:04:38'),
	(27, 'ENCAIXE/ DRA PEDIU', 0, '2018-10-03 13:04:39', '2018-10-03 13:04:39'),
	(28, 'GESTANT/ PEDIU ENCAIXE', 0, '2018-10-03 13:04:39', '2018-10-03 13:04:39'),
	(29, 'PRE NATAL', 0, '2018-10-03 13:04:39', '2018-10-03 13:04:39'),
	(30, 'PRE NATAL/ALTO RISCO', 0, '2018-10-03 13:04:39', '2018-10-03 13:04:39'),
	(31, 'PRIMEIRA CONSULTA/ PN / INICIO', 0, '2018-10-03 13:04:39', '2018-10-03 13:04:39'),
	(32, 'PRE NATAL ALTO RISCO/RETORNO', 0, '2018-10-03 13:04:39', '2018-10-03 13:04:39'),
	(33, 'PRÉ NATAL ALTO RISCO', 0, '2018-10-03 13:04:39', '2018-10-03 13:04:39'),
	(34, 'PRE NATAL INICIO', 0, '2018-10-03 13:04:39', '2018-10-03 13:04:39'),
	(35, 'PRÉ NATAL RISCO/RETORNO', 0, '2018-10-03 13:04:39', '2018-10-03 13:04:39'),
	(36, 'PRÉ NATAL/ H A', 0, '2018-10-03 13:04:39', '2018-10-03 13:04:39'),
	(37, 'DRA ANA CLAUDIA', 0, '2018-10-03 13:04:39', '2018-10-03 13:04:39'),
	(38, 'COLHER PAPA', 0, '2018-10-03 13:04:39', '2018-10-03 13:04:39'),
	(39, 'PRÉ NATAL AR/RETORNO', 0, '2018-10-03 13:04:39', '2018-10-03 13:04:39'),
	(40, 'PRE NATAL/RETORNO', 0, '2018-10-03 13:04:39', '2018-10-03 13:04:39'),
	(41, 'PRE NATAL/RETORNO/ALTO RISCO', 0, '2018-10-03 13:04:39', '2018-10-03 13:04:39'),
	(42, 'PRÉ NATAL/ HA / 1º CLINICA', 0, '2018-10-03 13:04:39', '2018-10-03 13:04:39'),
	(43, 'PRE NATAL/MOSTRAR EXAME', 0, '2018-10-03 13:04:39', '2018-10-03 13:04:39'),
	(44, 'PRÉ NATAL ALTO RISCO/RETORNO', 0, '2018-10-03 13:04:39', '2018-10-03 13:04:39'),
	(45, 'PRÉ NATAL/PRIMEIRA/HA', 0, '2018-10-03 13:04:39', '2018-10-03 13:04:39'),
	(46, 'PRÉ NATAL/INICIO/PRIMEIRA', 0, '2018-10-03 13:04:39', '2018-10-03 13:04:39'),
	(47, 'PRE NATAL/INICIO', 0, '2018-10-03 13:04:39', '2018-10-03 13:04:39'),
	(48, 'Primeira Consulta/PRE NATAL', 0, '2018-10-03 13:04:39', '2018-10-03 13:04:39'),
	(49, 'NAO AGENDAR', 0, '2018-10-03 13:04:39', '2018-10-03 13:04:39'),
	(50, 'PAC AMERICA/TIRAR PONTOS', 0, '2018-10-03 13:04:39', '2018-10-03 13:04:39'),
	(51, 'Primeira Consulta/PRE NATAL IN', 0, '2018-10-03 13:04:40', '2018-10-03 13:04:40'),
	(52, 'PRÉ NATAL/PRIMEIRA/PAC HA', 0, '2018-10-03 13:04:40', '2018-10-03 13:04:40'),
	(53, 'PRÉ NATAL/ PAC HA', 0, '2018-10-03 13:04:40', '2018-10-03 13:04:40'),
	(54, 'PRE NATAL/ALTO RISCO/PA', 0, '2018-10-03 13:04:40', '2018-10-03 13:04:40'),
	(55, 'GESTANTE/ENCAIXE/rRETORNO', 0, '2018-10-03 13:04:40', '2018-10-03 13:04:40'),
	(56, 'PRE NATAL/INICIO/PAC ANA CLAUD', 0, '2018-10-03 13:04:40', '2018-10-03 13:04:40'),
	(57, 'PRÉ NATAL/H A/ PRIMEIRA', 0, '2018-10-03 13:04:40', '2018-10-03 13:04:40'),
	(58, 'LURDINHA/PÉ E MÃO', 0, '2018-10-03 13:04:40', '2018-10-03 13:04:40'),
	(59, 'PRÉ NATAL/HOSPITAL AMERICA', 0, '2018-10-03 13:04:40', '2018-10-03 13:04:40'),
	(60, 'FILHA VANESSA/PRIMEIRA CONSULT', 0, '2018-10-03 13:04:40', '2018-10-03 13:04:40'),
	(61, 'PRE NATAL/PRIMEIRA', 0, '2018-10-03 13:04:40', '2018-10-03 13:04:40'),
	(62, 'RETORNO/TIRAR PONTOS', 0, '2018-10-03 13:04:40', '2018-10-03 13:04:40'),
	(63, 'TIRAR PONTOS/RETORNO', 0, '2018-10-03 13:04:40', '2018-10-03 13:04:40'),
	(64, 'PRE NATAL/JOSPITAL AMERICA', 0, '2018-10-03 13:04:40', '2018-10-03 13:04:40'),
	(65, 'Retorno/POS PARTO', 0, '2018-10-03 13:04:40', '2018-10-03 13:04:40'),
	(66, 'PRE NATAL/DESLOCAMENTO DE PLAC', 0, '2018-10-03 13:04:40', '2018-10-03 13:04:40'),
	(67, 'PRÉ NATAL/1a', 0, '2018-10-03 13:04:40', '2018-10-03 13:04:40'),
	(68, 'Primeira Consulta/PAC H.A', 0, '2018-10-03 13:04:40', '2018-10-03 13:04:40'),
	(69, 'PRE NATAL/INICIO/ALTO RISCO/PD', 0, '2018-10-03 13:04:40', '2018-10-03 13:04:40'),
	(70, 'GEST PASSANDO MAL', 0, '2018-10-03 13:04:40', '2018-10-03 13:04:40'),
	(71, 'PRE NATAL/INICIO/1', 0, '2018-10-03 13:04:40', '2018-10-03 13:04:40'),
	(72, 'PRÉ NATAL/PRIMEIRA', 0, '2018-10-03 13:04:40', '2018-10-03 13:04:40'),
	(73, 'PRE NATAL/12 SEM', 0, '2018-10-03 13:04:40', '2018-10-03 13:04:40'),
	(74, 'PRÉ NATAL/RISCO', 0, '2018-10-03 13:04:40', '2018-10-03 13:04:40'),
	(75, 'PRE NATAL/ALTO RISCO/Retorno', 0, '2018-10-03 13:04:40', '2018-10-03 13:04:40'),
	(76, 'RETIRAR OS PONTOS', 0, '2018-10-03 13:04:41', '2018-10-03 13:04:41'),
	(77, 'PRÉ NATAL/AR', 0, '2018-10-03 13:04:41', '2018-10-03 13:04:41'),
	(78, 'VEREADOR', 0, '2018-10-03 13:04:41', '2018-10-03 13:04:41'),
	(79, 'RETIRADA DE PONTOS', 0, '2018-10-03 13:04:41', '2018-10-03 13:04:41'),
	(80, 'PRE NATAL 21 SEMANAS', 0, '2018-10-03 13:04:41', '2018-10-03 13:04:41'),
	(81, 'PRE NATAL PRIMEIRA CONS', 0, '2018-10-03 13:04:41', '2018-10-03 13:04:41'),
	(82, 'PRE NATAL/procedimento', 0, '2018-10-03 13:04:41', '2018-10-03 13:04:41'),
	(83, 'RETORNO COLHER PAPA', 0, '2018-10-03 13:04:41', '2018-10-03 13:04:41'),
	(84, 'não compareceu', 0, '2018-10-03 13:04:41', '2018-10-03 13:04:41'),
	(85, 'MANDOU TORPEDO', 0, '2018-10-03 13:04:41', '2018-10-03 13:04:41'),
	(86, 'PRE NATAL /RETORNO', 0, '2018-10-03 13:04:41', '2018-10-03 13:04:41'),
	(87, 'PRE NATAL//RETORNO', 0, '2018-10-03 13:04:41', '2018-10-03 13:04:41'),
	(88, 'Primeira Consulta//LIGAR', 0, '2018-10-03 13:04:41', '2018-10-03 13:04:41'),
	(89, 'PRE NATAL/PRIMEIRA VEZ', 0, '2018-10-03 13:04:41', '2018-10-03 13:04:41'),
	(90, 'PRE NATAL RETORNO', 0, '2018-10-03 13:04:41', '2018-10-03 13:04:41'),
	(91, 'PRE NATAL/', 0, '2018-10-03 13:04:41', '2018-10-03 13:04:41'),
	(92, 'VEREADOR RICARDINHO', 0, '2018-10-03 13:04:41', '2018-10-03 13:04:41'),
	(93, ' ENCAIXE', 0, '2018-10-03 13:04:41', '2018-10-03 13:04:41'),
	(94, 'PRE NATAL/CONFIRMADA', 0, '2018-10-03 13:04:41', '2018-10-03 13:04:41'),
	(95, 'PRE NATAL/ CONFIRMADO', 0, '2018-10-03 13:04:41', '2018-10-03 13:04:41'),
	(96, 'PRÉ NATAL/CONFIRMADO', 0, '2018-10-03 13:04:41', '2018-10-03 13:04:41'),
	(97, 'PRÉ NATAL 1/CONFIRMADO', 0, '2018-10-03 13:04:41', '2018-10-03 13:04:41'),
	(98, 'PRE NATAL /CONFIRMADO', 0, '2018-10-03 13:04:41', '2018-10-03 13:04:41'),
	(99, 'PRE NATAL/CONFIRMADO', 0, '2018-10-03 13:04:41', '2018-10-03 13:04:41'),
	(100, 'PRE NATAL/LIGAR', 0, '2018-10-03 13:04:41', '2018-10-03 13:04:41'),
	(101, 'Teste Consultas', 0, '2018-10-04 12:47:13', '2018-10-04 12:47:13'),
	(102, 'teste 7777', 0, '2018-10-04 12:47:31', '2018-10-04 12:47:31'),
	(103, 'teste 2', 0, '2018-10-04 15:17:22', '2018-10-04 15:17:22'),
	(104, 'Teste de Consultas 777', 0, '2018-10-04 18:01:00', '2018-10-04 18:01:00');
/*!40000 ALTER TABLE `tipos_de_consulta` ENABLE KEYS */;

-- Copiando estrutura para tabela la-gravidanza.users
CREATE TABLE IF NOT EXISTS `users` (
  `id` int(10) unsigned NOT NULL AUTO_INCREMENT,
  `name` varchar(150) COLLATE utf8mb4_unicode_ci NOT NULL,
  `email` varchar(150) COLLATE utf8mb4_unicode_ci NOT NULL,
  `crm` varchar(150) COLLATE utf8mb4_unicode_ci DEFAULT NULL,
  `password` varchar(150) COLLATE utf8mb4_unicode_ci NOT NULL,
  `is_deleted` tinyint(1) NOT NULL DEFAULT '0',
  `remember_token` varchar(100) COLLATE utf8mb4_unicode_ci DEFAULT NULL,
  `created_at` timestamp NULL DEFAULT NULL,
  `updated_at` timestamp NULL DEFAULT NULL,
  PRIMARY KEY (`id`),
  UNIQUE KEY `users_email_unique` (`email`),
  UNIQUE KEY `users_crm_unique` (`crm`)
) ENGINE=InnoDB AUTO_INCREMENT=13 DEFAULT CHARSET=utf8mb4 COLLATE=utf8mb4_unicode_ci;

-- Copiando dados para a tabela la-gravidanza.users: ~12 rows (aproximadamente)
DELETE FROM `users`;
/*!40000 ALTER TABLE `users` DISABLE KEYS */;
INSERT INTO `users` (`id`, `name`, `email`, `crm`, `password`, `is_deleted`, `remember_token`, `created_at`, `updated_at`) VALUES
	(1, 'Admin', 'admin@admin.com', NULL, '$2y$10$ifDMvRqoh4aCDMzEj0SMyOzR.PwJ/xw6mw/bp0uBsSz9dDq.qEKqi', 0, 'M3YSW46uHv7684vc5ZcshqESOQbTdQvvEkXgdWdiVXZHBZoQYYtqY0IfrXd7', '2018-10-03 12:57:45', '2018-10-03 12:57:45'),
	(2, 'Doutor', 'doutor@doutor.com', NULL, '$2y$10$2Tns0rvlpJlDKSUtqCXll.wbBW.YnewgqI2dFvROdmlAdj31Xt2ey', 0, '1lcRAWaha96SiG3oMID8bLh3mEz0WCCPNLdN2CW32oL6jdsgHeDrUPjChLyc', '2018-10-03 12:57:45', '2018-10-03 12:57:45'),
	(3, 'Jesse Kreiger', 'marcelo.breitenberg@example.com', NULL, '$2y$10$TKh8H1.PfQx37YgCzwiKb.KjNyWgaHb9cbcoQgdIVFlYg7B77UdFm', 0, 'wM2biLN5o5', '2018-10-03 12:57:46', '2018-10-03 12:57:46'),
	(4, 'Dr. Lavinia Dietrich', 'fohara@example.org', NULL, '$2y$10$TKh8H1.PfQx37YgCzwiKb.KjNyWgaHb9cbcoQgdIVFlYg7B77UdFm', 0, 'WkR2IitSu6', '2018-10-03 12:57:46', '2018-10-03 12:57:46'),
	(5, 'Prof. Kaleb Schneider', 'zwisoky@example.org', NULL, '$2y$10$TKh8H1.PfQx37YgCzwiKb.KjNyWgaHb9cbcoQgdIVFlYg7B77UdFm', 0, 'Q44g0ELQL7', '2018-10-03 12:57:46', '2018-10-03 12:57:46'),
	(6, 'Payton Kihn', 'shamill@example.net', NULL, '$2y$10$TKh8H1.PfQx37YgCzwiKb.KjNyWgaHb9cbcoQgdIVFlYg7B77UdFm', 0, 'pQE1IXUuoR', '2018-10-03 12:57:46', '2018-10-03 12:57:46'),
	(7, 'Mr. Coty Wisoky DDS', 'parker.francisco@example.com', NULL, '$2y$10$TKh8H1.PfQx37YgCzwiKb.KjNyWgaHb9cbcoQgdIVFlYg7B77UdFm', 0, 'TyXlOGJX7M', '2018-10-03 12:57:46', '2018-10-03 12:57:46'),
	(8, 'Mr. Edward Dicki IV', 'anne53@example.net', NULL, '$2y$10$TKh8H1.PfQx37YgCzwiKb.KjNyWgaHb9cbcoQgdIVFlYg7B77UdFm', 0, 'yxAzzCnh7a', '2018-10-03 12:57:46', '2018-10-03 12:57:46'),
	(9, 'Dr. Shawna D\'Amore V', 'arjun.rogahn@example.com', NULL, '$2y$10$TKh8H1.PfQx37YgCzwiKb.KjNyWgaHb9cbcoQgdIVFlYg7B77UdFm', 0, '1j3vN5dmPs', '2018-10-03 12:57:46', '2018-10-03 12:57:46'),
	(10, 'Zula Beer', 'mossie.wolff@example.org', NULL, '$2y$10$TKh8H1.PfQx37YgCzwiKb.KjNyWgaHb9cbcoQgdIVFlYg7B77UdFm', 0, 'pH6ICNEtdk', '2018-10-03 12:57:46', '2018-10-03 12:57:46'),
	(11, 'Mrs. Bulah Gutmann', 'dedrick.gerhold@example.org', NULL, '$2y$10$TKh8H1.PfQx37YgCzwiKb.KjNyWgaHb9cbcoQgdIVFlYg7B77UdFm', 0, 'vgaN0hh3lW', '2018-10-03 12:57:46', '2018-10-03 12:57:46'),
	(12, 'Prof. Orin Wisoky', 'sarina.lakin@example.com', NULL, '$2y$10$TKh8H1.PfQx37YgCzwiKb.KjNyWgaHb9cbcoQgdIVFlYg7B77UdFm', 0, 'smtLEqB7YQ', '2018-10-03 12:57:47', '2018-10-03 12:57:47');
/*!40000 ALTER TABLE `users` ENABLE KEYS */;

/*!40101 SET SQL_MODE=IFNULL(@OLD_SQL_MODE, '') */;
/*!40014 SET FOREIGN_KEY_CHECKS=IF(@OLD_FOREIGN_KEY_CHECKS IS NULL, 1, @OLD_FOREIGN_KEY_CHECKS) */;
/*!40101 SET CHARACTER_SET_CLIENT=@OLD_CHARACTER_SET_CLIENT */;
